ficheiro,categorias,post,data,largura,altura,legenda
20260710_DanyepXDdTS_01.jpg,Velas,https://www.instagram.com/p/DanyepXDdTS/,2026-07-10,3098,3872,"🪄 velas afasta-mosquitos
cá por casa trocamos os sprays repletos de químicos (tão tóxicos para os insetos como para nós) por estas velas de citronela simples e eficazes!

- mistura de 3 óleos essenciais: óleo de citronela, óleo de lavanda e óleo de eucalipto.

- a citronela é conhecida pelo seu aroma que afasta melgas, moscas e outros mosquitos; a lavanda e o eucalipto criam um contraste entre a energia/tranquilidade e o frio/quente, para um ambiente agradável e sem visitas indesejadas.

- os óleos essenciais podem ser personalizados, caso queiras uma combinação de aromas diferente 🫶🏻

envia mensagem para encomendar!"
20260710_DanyepXDdTS_02.jpg,Velas,https://www.instagram.com/p/DanyepXDdTS/,2026-07-10,3024,3780,"🪄 velas afasta-mosquitos
cá por casa trocamos os sprays repletos de químicos (tão tóxicos para os insetos como para nós) por estas velas de citronela simples e eficazes!

- mistura de 3 óleos essenciais: óleo de citronela, óleo de lavanda e óleo de eucalipto.

- a citronela é conhecida pelo seu aroma que afasta melgas, moscas e outros mosquitos; a lavanda e o eucalipto criam um contraste entre a energia/tranquilidade e o frio/quente, para um ambiente agradável e sem visitas indesejadas.

- os óleos essenciais podem ser personalizados, caso queiras uma combinação de aromas diferente 🫶🏻

envia mensagem para encomendar!"
20260710_DanyepXDdTS_03.jpg,Velas,https://www.instagram.com/p/DanyepXDdTS/,2026-07-10,2550,3187,"🪄 velas afasta-mosquitos
cá por casa trocamos os sprays repletos de químicos (tão tóxicos para os insetos como para nós) por estas velas de citronela simples e eficazes!

- mistura de 3 óleos essenciais: óleo de citronela, óleo de lavanda e óleo de eucalipto.

- a citronela é conhecida pelo seu aroma que afasta melgas, moscas e outros mosquitos; a lavanda e o eucalipto criam um contraste entre a energia/tranquilidade e o frio/quente, para um ambiente agradável e sem visitas indesejadas.

- os óleos essenciais podem ser personalizados, caso queiras uma combinação de aromas diferente 🫶🏻

envia mensagem para encomendar!"
20260710_DanyepXDdTS_04.jpg,Velas,https://www.instagram.com/p/DanyepXDdTS/,2026-07-10,3024,3780,"🪄 velas afasta-mosquitos
cá por casa trocamos os sprays repletos de químicos (tão tóxicos para os insetos como para nós) por estas velas de citronela simples e eficazes!

- mistura de 3 óleos essenciais: óleo de citronela, óleo de lavanda e óleo de eucalipto.

- a citronela é conhecida pelo seu aroma que afasta melgas, moscas e outros mosquitos; a lavanda e o eucalipto criam um contraste entre a energia/tranquilidade e o frio/quente, para um ambiente agradável e sem visitas indesejadas.

- os óleos essenciais podem ser personalizados, caso queiras uma combinação de aromas diferente 🫶🏻

envia mensagem para encomendar!"
20260710_DanyepXDdTS_05.jpg,Velas,https://www.instagram.com/p/DanyepXDdTS/,2026-07-10,2810,3512,"🪄 velas afasta-mosquitos
cá por casa trocamos os sprays repletos de químicos (tão tóxicos para os insetos como para nós) por estas velas de citronela simples e eficazes!

- mistura de 3 óleos essenciais: óleo de citronela, óleo de lavanda e óleo de eucalipto.

- a citronela é conhecida pelo seu aroma que afasta melgas, moscas e outros mosquitos; a lavanda e o eucalipto criam um contraste entre a energia/tranquilidade e o frio/quente, para um ambiente agradável e sem visitas indesejadas.

- os óleos essenciais podem ser personalizados, caso queiras uma combinação de aromas diferente 🫶🏻

envia mensagem para encomendar!"
20260217_DU3n7RKDWF7_01.jpg,Sais de Banho,https://www.instagram.com/p/DU3n7RKDWF7/,2026-02-17,1440,1920,"🌱 sais de banho terapêuticos 🌱
- preparados de forma artesanal, a partir de sal marinho integral (sem tratamento de purificação, limpeza e/ou branqueamento), mantendo todas as propriedades energizantes;
- é adicionado óleo essencial de lavanda para um efeito calmante, e uma mistura de flores secas para intensificar o relaxamento;
- perfeito para um banho de imersão ou para um escalda-pés;
- 5€ (frasco grande) ou 3€ (frasco pequeno)

📩 envia mensagem para encomendar!"
20260217_DU3n7RKDWF7_02.jpg,Sais de Banho,https://www.instagram.com/p/DU3n7RKDWF7/,2026-02-17,1440,1920,"🌱 sais de banho terapêuticos 🌱
- preparados de forma artesanal, a partir de sal marinho integral (sem tratamento de purificação, limpeza e/ou branqueamento), mantendo todas as propriedades energizantes;
- é adicionado óleo essencial de lavanda para um efeito calmante, e uma mistura de flores secas para intensificar o relaxamento;
- perfeito para um banho de imersão ou para um escalda-pés;
- 5€ (frasco grande) ou 3€ (frasco pequeno)

📩 envia mensagem para encomendar!"
20260217_DU3n7RKDWF7_03.jpg,Sais de Banho,https://www.instagram.com/p/DU3n7RKDWF7/,2026-02-17,1440,1920,"🌱 sais de banho terapêuticos 🌱
- preparados de forma artesanal, a partir de sal marinho integral (sem tratamento de purificação, limpeza e/ou branqueamento), mantendo todas as propriedades energizantes;
- é adicionado óleo essencial de lavanda para um efeito calmante, e uma mistura de flores secas para intensificar o relaxamento;
- perfeito para um banho de imersão ou para um escalda-pés;
- 5€ (frasco grande) ou 3€ (frasco pequeno)

📩 envia mensagem para encomendar!"
20260216_DU1EXX5je_Y_01.jpg,Velas | Roll-on | Sais de Banho | Outros,https://www.instagram.com/p/DU1EXX5je_Y/,2026-02-16,1440,1920,"💮 kit ""eu cuido de mim"" 💮
mais um conjunto escolhido pela P. para mimar uma amiga:
• uma vela ambiente com óleo essencial de ylang-ylang 
• um frasco de sais de banho com flores secas e óleo essencial de lavanda 
• um roll-on terapêutico para relaxamento 
• um conjunto de 2 ambientadores/wax melts
juntámos tudo numa caixinha artesanal de oferta e escrevemos um pequeno cartão.

mais uma vez, ficamos muito gratas pela confiança e pela escolha 💮

também gostaste? envia-nos uma mensagem privada para encomendar!

#naturalroutine #relaxtime #essentialoils #wellbeing"
20260216_DU1EXX5je_Y_02.jpg,Velas | Roll-on | Sais de Banho | Outros,https://www.instagram.com/p/DU1EXX5je_Y/,2026-02-16,1440,1920,"💮 kit ""eu cuido de mim"" 💮
mais um conjunto escolhido pela P. para mimar uma amiga:
• uma vela ambiente com óleo essencial de ylang-ylang 
• um frasco de sais de banho com flores secas e óleo essencial de lavanda 
• um roll-on terapêutico para relaxamento 
• um conjunto de 2 ambientadores/wax melts
juntámos tudo numa caixinha artesanal de oferta e escrevemos um pequeno cartão.

mais uma vez, ficamos muito gratas pela confiança e pela escolha 💮

também gostaste? envia-nos uma mensagem privada para encomendar!

#naturalroutine #relaxtime #essentialoils #wellbeing"
20260216_DU1EXX5je_Y_03.jpg,Velas | Roll-on | Sais de Banho | Outros,https://www.instagram.com/p/DU1EXX5je_Y/,2026-02-16,1440,1920,"💮 kit ""eu cuido de mim"" 💮
mais um conjunto escolhido pela P. para mimar uma amiga:
• uma vela ambiente com óleo essencial de ylang-ylang 
• um frasco de sais de banho com flores secas e óleo essencial de lavanda 
• um roll-on terapêutico para relaxamento 
• um conjunto de 2 ambientadores/wax melts
juntámos tudo numa caixinha artesanal de oferta e escrevemos um pequeno cartão.

mais uma vez, ficamos muito gratas pela confiança e pela escolha 💮

também gostaste? envia-nos uma mensagem privada para encomendar!

#naturalroutine #relaxtime #essentialoils #wellbeing"
20260216_DU1EXX5je_Y_04.jpg,Velas | Roll-on | Sais de Banho | Outros,https://www.instagram.com/p/DU1EXX5je_Y/,2026-02-16,1440,1920,"💮 kit ""eu cuido de mim"" 💮
mais um conjunto escolhido pela P. para mimar uma amiga:
• uma vela ambiente com óleo essencial de ylang-ylang 
• um frasco de sais de banho com flores secas e óleo essencial de lavanda 
• um roll-on terapêutico para relaxamento 
• um conjunto de 2 ambientadores/wax melts
juntámos tudo numa caixinha artesanal de oferta e escrevemos um pequeno cartão.

mais uma vez, ficamos muito gratas pela confiança e pela escolha 💮

também gostaste? envia-nos uma mensagem privada para encomendar!

#naturalroutine #relaxtime #essentialoils #wellbeing"
20260722_DbG5fRHgnnG_01.jpg,Velas,https://www.instagram.com/p/DbG5fRHgnnG/,2026-07-22,2761,3451,"✨ encomenda personalizada
desta vez, a R. pediu três velas diferentes: uma com óleo de eucalipto, outra com óleo de hortelã-pimenta e outra com óleos de canela e de laranja doce.

a decoração foi deixada totalmente a nosso gosto e fizemo-la com muito carinho (como sempre), procurando combinar de forma harmoniosa os óleos com as flores secas de forma a que a R. gostasse de cada uma das suas velas.

gostámos muito de preparar esta encomenda que ainda vai viajar muito 👀 e tu, qual preferes?"
20260722_DbG5fRHgnnG_02.jpg,Velas,https://www.instagram.com/p/DbG5fRHgnnG/,2026-07-22,3024,3780,"✨ encomenda personalizada
desta vez, a R. pediu três velas diferentes: uma com óleo de eucalipto, outra com óleo de hortelã-pimenta e outra com óleos de canela e de laranja doce.

a decoração foi deixada totalmente a nosso gosto e fizemo-la com muito carinho (como sempre), procurando combinar de forma harmoniosa os óleos com as flores secas de forma a que a R. gostasse de cada uma das suas velas.

gostámos muito de preparar esta encomenda que ainda vai viajar muito 👀 e tu, qual preferes?"
20260722_DbG5fRHgnnG_03.jpg,Velas,https://www.instagram.com/p/DbG5fRHgnnG/,2026-07-22,3098,3872,"✨ encomenda personalizada
desta vez, a R. pediu três velas diferentes: uma com óleo de eucalipto, outra com óleo de hortelã-pimenta e outra com óleos de canela e de laranja doce.

a decoração foi deixada totalmente a nosso gosto e fizemo-la com muito carinho (como sempre), procurando combinar de forma harmoniosa os óleos com as flores secas de forma a que a R. gostasse de cada uma das suas velas.

gostámos muito de preparar esta encomenda que ainda vai viajar muito 👀 e tu, qual preferes?"
20260722_DbG5fRHgnnG_04.jpg,Velas,https://www.instagram.com/p/DbG5fRHgnnG/,2026-07-22,3098,3872,"✨ encomenda personalizada
desta vez, a R. pediu três velas diferentes: uma com óleo de eucalipto, outra com óleo de hortelã-pimenta e outra com óleos de canela e de laranja doce.

a decoração foi deixada totalmente a nosso gosto e fizemo-la com muito carinho (como sempre), procurando combinar de forma harmoniosa os óleos com as flores secas de forma a que a R. gostasse de cada uma das suas velas.

gostámos muito de preparar esta encomenda que ainda vai viajar muito 👀 e tu, qual preferes?"
20260722_DbG5fRHgnnG_05.jpg,Velas,https://www.instagram.com/p/DbG5fRHgnnG/,2026-07-22,3024,3780,"✨ encomenda personalizada
desta vez, a R. pediu três velas diferentes: uma com óleo de eucalipto, outra com óleo de hortelã-pimenta e outra com óleos de canela e de laranja doce.

a decoração foi deixada totalmente a nosso gosto e fizemo-la com muito carinho (como sempre), procurando combinar de forma harmoniosa os óleos com as flores secas de forma a que a R. gostasse de cada uma das suas velas.

gostámos muito de preparar esta encomenda que ainda vai viajar muito 👀 e tu, qual preferes?"
20260722_DbG5fRHgnnG_06.jpg,Velas,https://www.instagram.com/p/DbG5fRHgnnG/,2026-07-22,2906,3632,"✨ encomenda personalizada
desta vez, a R. pediu três velas diferentes: uma com óleo de eucalipto, outra com óleo de hortelã-pimenta e outra com óleos de canela e de laranja doce.

a decoração foi deixada totalmente a nosso gosto e fizemo-la com muito carinho (como sempre), procurando combinar de forma harmoniosa os óleos com as flores secas de forma a que a R. gostasse de cada uma das suas velas.

gostámos muito de preparar esta encomenda que ainda vai viajar muito 👀 e tu, qual preferes?"
20260722_DbG5fRHgnnG_07.jpg,Velas,https://www.instagram.com/p/DbG5fRHgnnG/,2026-07-22,2990,3736,"✨ encomenda personalizada
desta vez, a R. pediu três velas diferentes: uma com óleo de eucalipto, outra com óleo de hortelã-pimenta e outra com óleos de canela e de laranja doce.

a decoração foi deixada totalmente a nosso gosto e fizemo-la com muito carinho (como sempre), procurando combinar de forma harmoniosa os óleos com as flores secas de forma a que a R. gostasse de cada uma das suas velas.

gostámos muito de preparar esta encomenda que ainda vai viajar muito 👀 e tu, qual preferes?"
20250806_DNB9Uw6tBlQ_01.jpg,_por_rever,https://www.instagram.com/p/DNB9Uw6tBlQ/,2025-08-06,1152,1440,"🌺 testemunho da Inês 🌺
a @lucrescente já existe há alguns anos (incrível como o tempo passa!) e algumas pessoas são clientes desde o início. um projeto completamente familiar (quando ainda nem sequer era projeto) que foi crescendo e chegando a mais pessoas, muito graças a vocês.

a Inês é uma dessas pessoas que experimentou e ficou rendida desde a primeira encomenda (há mais de 3 anos) e, desde então, encomenda sempre os seus produtos preferidos para que nunca faltem, mesmo quando está a kms de distância!

muito obrigada pelo teu testemunho, querida Inês, e por escolheres a @lucrescente, pela tua saúde 🌺"
20260704_DaYIR1aDTEY_01.jpg,Cuidado Capilar,https://www.instagram.com/p/DaYIR1aDTEY/,2026-07-04,3098,3872,"🌱 amaciadores sólidos
-
esta manhã entregámos dois amaciadores à querida A., que é nossa cliente de longa data e que fez com que a irmã também se rendesse aos nossos produtos.
os nossos amaciadores contêm óleo essencial de lavanda e óleos vegetais de amêndoas doces e argão, que ajudam a garantir a hidratação profunda de todos os tipos de cabelo (incluíndo pintados e/ou descolorados). e a melhor parte é que se forem bem guardados depois de cada utilização, duram meeeeeses! 

+ ainda temos 6 disponíveis em stock, por isso é uma boa oportunidade para garantires que o teu cabelo vai estar saudável e hidratado durante este verão 🌞"
20260704_DaYIR1aDTEY_02.jpg,Cuidado Capilar,https://www.instagram.com/p/DaYIR1aDTEY/,2026-07-04,3024,3780,"🌱 amaciadores sólidos
-
esta manhã entregámos dois amaciadores à querida A., que é nossa cliente de longa data e que fez com que a irmã também se rendesse aos nossos produtos.
os nossos amaciadores contêm óleo essencial de lavanda e óleos vegetais de amêndoas doces e argão, que ajudam a garantir a hidratação profunda de todos os tipos de cabelo (incluíndo pintados e/ou descolorados). e a melhor parte é que se forem bem guardados depois de cada utilização, duram meeeeeses! 

+ ainda temos 6 disponíveis em stock, por isso é uma boa oportunidade para garantires que o teu cabelo vai estar saudável e hidratado durante este verão 🌞"
20260704_DaYIR1aDTEY_03.jpg,Cuidado Capilar,https://www.instagram.com/p/DaYIR1aDTEY/,2026-07-04,3024,3780,"🌱 amaciadores sólidos
-
esta manhã entregámos dois amaciadores à querida A., que é nossa cliente de longa data e que fez com que a irmã também se rendesse aos nossos produtos.
os nossos amaciadores contêm óleo essencial de lavanda e óleos vegetais de amêndoas doces e argão, que ajudam a garantir a hidratação profunda de todos os tipos de cabelo (incluíndo pintados e/ou descolorados). e a melhor parte é que se forem bem guardados depois de cada utilização, duram meeeeeses! 

+ ainda temos 6 disponíveis em stock, por isso é uma boa oportunidade para garantires que o teu cabelo vai estar saudável e hidratado durante este verão 🌞"
20260704_DaYIR1aDTEY_04.jpg,Cuidado Capilar,https://www.instagram.com/p/DaYIR1aDTEY/,2026-07-04,3024,3780,"🌱 amaciadores sólidos
-
esta manhã entregámos dois amaciadores à querida A., que é nossa cliente de longa data e que fez com que a irmã também se rendesse aos nossos produtos.
os nossos amaciadores contêm óleo essencial de lavanda e óleos vegetais de amêndoas doces e argão, que ajudam a garantir a hidratação profunda de todos os tipos de cabelo (incluíndo pintados e/ou descolorados). e a melhor parte é que se forem bem guardados depois de cada utilização, duram meeeeeses! 

+ ainda temos 6 disponíveis em stock, por isso é uma boa oportunidade para garantires que o teu cabelo vai estar saudável e hidratado durante este verão 🌞"
20260704_DaYIR1aDTEY_05.jpg,Cuidado Capilar,https://www.instagram.com/p/DaYIR1aDTEY/,2026-07-04,3024,3767,"🌱 amaciadores sólidos
-
esta manhã entregámos dois amaciadores à querida A., que é nossa cliente de longa data e que fez com que a irmã também se rendesse aos nossos produtos.
os nossos amaciadores contêm óleo essencial de lavanda e óleos vegetais de amêndoas doces e argão, que ajudam a garantir a hidratação profunda de todos os tipos de cabelo (incluíndo pintados e/ou descolorados). e a melhor parte é que se forem bem guardados depois de cada utilização, duram meeeeeses! 

+ ainda temos 6 disponíveis em stock, por isso é uma boa oportunidade para garantires que o teu cabelo vai estar saudável e hidratado durante este verão 🌞"
20251204_DR2ce2CDWF__01.jpg,_por_rever,https://www.instagram.com/p/DR2ce2CDWF_/,2025-12-04,1440,1345,"uma publicação diferente, para partilhar convosco um dia diferente...especial e marcante 🌻
alguns de vós conhecem-me e partilham a vida comigo, mais de perto, mas muitos não conhecem as outras facetas de quem está por trás do projeto ""lucrescente"". 

sou bióloga, investigadora, ecóloga, e no passado dia 28 defendi a minha tese de doutoramento em Biociências, na área da agroecologia. vivi estes últimos anos mergulhada em girassóis, polinizadores e conservação da natureza (além de muitas outras atividades, que um dia partilharei com mais calma...) 🌻

nesse dia, a minha filha celebrou os 19 anos. a minha grande companheira e braço direito na lucrescente, e em todos os projetos da minha vida. 💛

foi um dia cheio de emoção, nervos, concentração, orgulho e amizade. o culminar de muitos anos de trabalho e dedicação. 

agora talvez consigam entender e conhecer um pouco mais quem se ""esconde"" atrás deste projeto que envolve natureza, sustentabilidade e saúde 🌻🌱🐝"
20251204_DR2ce2CDWF__02.jpg,_por_rever,https://www.instagram.com/p/DR2ce2CDWF_/,2025-12-04,1440,1920,"uma publicação diferente, para partilhar convosco um dia diferente...especial e marcante 🌻
alguns de vós conhecem-me e partilham a vida comigo, mais de perto, mas muitos não conhecem as outras facetas de quem está por trás do projeto ""lucrescente"". 

sou bióloga, investigadora, ecóloga, e no passado dia 28 defendi a minha tese de doutoramento em Biociências, na área da agroecologia. vivi estes últimos anos mergulhada em girassóis, polinizadores e conservação da natureza (além de muitas outras atividades, que um dia partilharei com mais calma...) 🌻

nesse dia, a minha filha celebrou os 19 anos. a minha grande companheira e braço direito na lucrescente, e em todos os projetos da minha vida. 💛

foi um dia cheio de emoção, nervos, concentração, orgulho e amizade. o culminar de muitos anos de trabalho e dedicação. 

agora talvez consigam entender e conhecer um pouco mais quem se ""esconde"" atrás deste projeto que envolve natureza, sustentabilidade e saúde 🌻🌱🐝"
20251204_DR2ce2CDWF__03.jpg,_por_rever,https://www.instagram.com/p/DR2ce2CDWF_/,2025-12-04,1440,1920,"uma publicação diferente, para partilhar convosco um dia diferente...especial e marcante 🌻
alguns de vós conhecem-me e partilham a vida comigo, mais de perto, mas muitos não conhecem as outras facetas de quem está por trás do projeto ""lucrescente"". 

sou bióloga, investigadora, ecóloga, e no passado dia 28 defendi a minha tese de doutoramento em Biociências, na área da agroecologia. vivi estes últimos anos mergulhada em girassóis, polinizadores e conservação da natureza (além de muitas outras atividades, que um dia partilharei com mais calma...) 🌻

nesse dia, a minha filha celebrou os 19 anos. a minha grande companheira e braço direito na lucrescente, e em todos os projetos da minha vida. 💛

foi um dia cheio de emoção, nervos, concentração, orgulho e amizade. o culminar de muitos anos de trabalho e dedicação. 

agora talvez consigam entender e conhecer um pouco mais quem se ""esconde"" atrás deste projeto que envolve natureza, sustentabilidade e saúde 🌻🌱🐝"
20251204_DR2ce2CDWF__04.jpg,_por_rever,https://www.instagram.com/p/DR2ce2CDWF_/,2025-12-04,1440,1920,"uma publicação diferente, para partilhar convosco um dia diferente...especial e marcante 🌻
alguns de vós conhecem-me e partilham a vida comigo, mais de perto, mas muitos não conhecem as outras facetas de quem está por trás do projeto ""lucrescente"". 

sou bióloga, investigadora, ecóloga, e no passado dia 28 defendi a minha tese de doutoramento em Biociências, na área da agroecologia. vivi estes últimos anos mergulhada em girassóis, polinizadores e conservação da natureza (além de muitas outras atividades, que um dia partilharei com mais calma...) 🌻

nesse dia, a minha filha celebrou os 19 anos. a minha grande companheira e braço direito na lucrescente, e em todos os projetos da minha vida. 💛

foi um dia cheio de emoção, nervos, concentração, orgulho e amizade. o culminar de muitos anos de trabalho e dedicação. 

agora talvez consigam entender e conhecer um pouco mais quem se ""esconde"" atrás deste projeto que envolve natureza, sustentabilidade e saúde 🌻🌱🐝"
20251204_DR2ce2CDWF__05.jpg,_por_rever,https://www.instagram.com/p/DR2ce2CDWF_/,2025-12-04,1440,1920,"uma publicação diferente, para partilhar convosco um dia diferente...especial e marcante 🌻
alguns de vós conhecem-me e partilham a vida comigo, mais de perto, mas muitos não conhecem as outras facetas de quem está por trás do projeto ""lucrescente"". 

sou bióloga, investigadora, ecóloga, e no passado dia 28 defendi a minha tese de doutoramento em Biociências, na área da agroecologia. vivi estes últimos anos mergulhada em girassóis, polinizadores e conservação da natureza (além de muitas outras atividades, que um dia partilharei com mais calma...) 🌻

nesse dia, a minha filha celebrou os 19 anos. a minha grande companheira e braço direito na lucrescente, e em todos os projetos da minha vida. 💛

foi um dia cheio de emoção, nervos, concentração, orgulho e amizade. o culminar de muitos anos de trabalho e dedicação. 

agora talvez consigam entender e conhecer um pouco mais quem se ""esconde"" atrás deste projeto que envolve natureza, sustentabilidade e saúde 🌻🌱🐝"
20260303_DVbQpBUgpoV_01.jpg,Sprays,https://www.instagram.com/p/DVbQpBUgpoV/,2026-03-03,1440,1798,"🌱 spray relaxante ""noite tranquila"" 🌱
após algumas experiências e aperfeiçoamentos, finalmente podemos divulgar e partilhar o nosso spray terapêutico para acalmar e relaxar.

• pode ser colocado na almofada, nos lençóis ou nos cortinados antes de dormir, ou simplesmente no quarto para criar um ambiente tranquilo

• não mancha os tecidos, por isso podes aplicar onde mais te apetecer...diretamente na tua roupa e até no carro, por exemplo, se quiseres estar mais calma e confiante na hora de conduzir 🫶🏻

• preparado para poder ser utilizado no quarto do bebé, para noites mais relaxadas, graças aos óleos essenciais que compõem esta mistura

• frasco de vidro reutilizável (com desconto de reutilização sempre que quiseres recarregar)

• 8€ (100ml)

📩 envia mensagem para encomendar!

#naturalcare #essentialoils #calmness #wellbeing #babycare"
20260303_DVbQpBUgpoV_02.jpg,Sprays,https://www.instagram.com/p/DVbQpBUgpoV/,2026-03-03,1440,1798,"🌱 spray relaxante ""noite tranquila"" 🌱
após algumas experiências e aperfeiçoamentos, finalmente podemos divulgar e partilhar o nosso spray terapêutico para acalmar e relaxar.

• pode ser colocado na almofada, nos lençóis ou nos cortinados antes de dormir, ou simplesmente no quarto para criar um ambiente tranquilo

• não mancha os tecidos, por isso podes aplicar onde mais te apetecer...diretamente na tua roupa e até no carro, por exemplo, se quiseres estar mais calma e confiante na hora de conduzir 🫶🏻

• preparado para poder ser utilizado no quarto do bebé, para noites mais relaxadas, graças aos óleos essenciais que compõem esta mistura

• frasco de vidro reutilizável (com desconto de reutilização sempre que quiseres recarregar)

• 8€ (100ml)

📩 envia mensagem para encomendar!

#naturalcare #essentialoils #calmness #wellbeing #babycare"
20260303_DVbQpBUgpoV_03.jpg,Sprays,https://www.instagram.com/p/DVbQpBUgpoV/,2026-03-03,1440,1798,"🌱 spray relaxante ""noite tranquila"" 🌱
após algumas experiências e aperfeiçoamentos, finalmente podemos divulgar e partilhar o nosso spray terapêutico para acalmar e relaxar.

• pode ser colocado na almofada, nos lençóis ou nos cortinados antes de dormir, ou simplesmente no quarto para criar um ambiente tranquilo

• não mancha os tecidos, por isso podes aplicar onde mais te apetecer...diretamente na tua roupa e até no carro, por exemplo, se quiseres estar mais calma e confiante na hora de conduzir 🫶🏻

• preparado para poder ser utilizado no quarto do bebé, para noites mais relaxadas, graças aos óleos essenciais que compõem esta mistura

• frasco de vidro reutilizável (com desconto de reutilização sempre que quiseres recarregar)

• 8€ (100ml)

📩 envia mensagem para encomendar!

#naturalcare #essentialoils #calmness #wellbeing #babycare"
20260303_DVbQpBUgpoV_04.jpg,Sprays,https://www.instagram.com/p/DVbQpBUgpoV/,2026-03-03,1440,1798,"🌱 spray relaxante ""noite tranquila"" 🌱
após algumas experiências e aperfeiçoamentos, finalmente podemos divulgar e partilhar o nosso spray terapêutico para acalmar e relaxar.

• pode ser colocado na almofada, nos lençóis ou nos cortinados antes de dormir, ou simplesmente no quarto para criar um ambiente tranquilo

• não mancha os tecidos, por isso podes aplicar onde mais te apetecer...diretamente na tua roupa e até no carro, por exemplo, se quiseres estar mais calma e confiante na hora de conduzir 🫶🏻

• preparado para poder ser utilizado no quarto do bebé, para noites mais relaxadas, graças aos óleos essenciais que compõem esta mistura

• frasco de vidro reutilizável (com desconto de reutilização sempre que quiseres recarregar)

• 8€ (100ml)

📩 envia mensagem para encomendar!

#naturalcare #essentialoils #calmness #wellbeing #babycare"
20260125_DT8hGYyjUkP_01.jpg,Velas,https://www.instagram.com/p/DT8hGYyjUkP/,2026-01-25,640,1136,"🎋 bonita, cheirosa, única e saudável...perfeita!🎋 
#aromatherapy #naturalcandles #handmade #christmastime"
20260305_DVgxRPrAnVg_01.jpg,Velas,https://www.instagram.com/p/DVgxRPrAnVg/,2026-03-05,1440,1920,"🪻 miminho personizado para uma mana 🪻
ainda na época natalícia, a M. contactou-nos por mensagem privada para preparar uma prendinha para a irmã. 

escolheu uma das nossas taças decorativas e pediu-nos uma vela personalizada: em tons de roxo e violeta, com um aroma adocicado, suave e aconchegante, e uma pequena mensagem escrita ""és especial"".

deixou toda a criação ao nosso gosto: assim, escolhemos a mistura muito agradável dos óleos essenciais de laranja e de canela, e criámos uma decoração natural com muitas flores nos tons pedidos, para que ficasse bem floral. adicionámos os toques dourados de pedrinhas e de flocos ecológicos, e escrevemos a mensagem à mão e harmonizada tanto com a vela como com a taça. 

gostámos tanto do processo e também do resultado final! 💜 a M. também adorou!🪻

#naturalcandles #flowers #wellness #soycandles #essentialoils"
20260305_DVgxRPrAnVg_02.jpg,Velas,https://www.instagram.com/p/DVgxRPrAnVg/,2026-03-05,1440,1920,"🪻 miminho personizado para uma mana 🪻
ainda na época natalícia, a M. contactou-nos por mensagem privada para preparar uma prendinha para a irmã. 

escolheu uma das nossas taças decorativas e pediu-nos uma vela personalizada: em tons de roxo e violeta, com um aroma adocicado, suave e aconchegante, e uma pequena mensagem escrita ""és especial"".

deixou toda a criação ao nosso gosto: assim, escolhemos a mistura muito agradável dos óleos essenciais de laranja e de canela, e criámos uma decoração natural com muitas flores nos tons pedidos, para que ficasse bem floral. adicionámos os toques dourados de pedrinhas e de flocos ecológicos, e escrevemos a mensagem à mão e harmonizada tanto com a vela como com a taça. 

gostámos tanto do processo e também do resultado final! 💜 a M. também adorou!🪻

#naturalcandles #flowers #wellness #soycandles #essentialoils"
20260305_DVgxRPrAnVg_03.jpg,Velas,https://www.instagram.com/p/DVgxRPrAnVg/,2026-03-05,1440,1920,"🪻 miminho personizado para uma mana 🪻
ainda na época natalícia, a M. contactou-nos por mensagem privada para preparar uma prendinha para a irmã. 

escolheu uma das nossas taças decorativas e pediu-nos uma vela personalizada: em tons de roxo e violeta, com um aroma adocicado, suave e aconchegante, e uma pequena mensagem escrita ""és especial"".

deixou toda a criação ao nosso gosto: assim, escolhemos a mistura muito agradável dos óleos essenciais de laranja e de canela, e criámos uma decoração natural com muitas flores nos tons pedidos, para que ficasse bem floral. adicionámos os toques dourados de pedrinhas e de flocos ecológicos, e escrevemos a mensagem à mão e harmonizada tanto com a vela como com a taça. 

gostámos tanto do processo e também do resultado final! 💜 a M. também adorou!🪻

#naturalcandles #flowers #wellness #soycandles #essentialoils"
20260305_DVgxRPrAnVg_04.jpg,Velas,https://www.instagram.com/p/DVgxRPrAnVg/,2026-03-05,1440,1920,"🪻 miminho personizado para uma mana 🪻
ainda na época natalícia, a M. contactou-nos por mensagem privada para preparar uma prendinha para a irmã. 

escolheu uma das nossas taças decorativas e pediu-nos uma vela personalizada: em tons de roxo e violeta, com um aroma adocicado, suave e aconchegante, e uma pequena mensagem escrita ""és especial"".

deixou toda a criação ao nosso gosto: assim, escolhemos a mistura muito agradável dos óleos essenciais de laranja e de canela, e criámos uma decoração natural com muitas flores nos tons pedidos, para que ficasse bem floral. adicionámos os toques dourados de pedrinhas e de flocos ecológicos, e escrevemos a mensagem à mão e harmonizada tanto com a vela como com a taça. 

gostámos tanto do processo e também do resultado final! 💜 a M. também adorou!🪻

#naturalcandles #flowers #wellness #soycandles #essentialoils"
20260305_DVgxRPrAnVg_05.jpg,Velas,https://www.instagram.com/p/DVgxRPrAnVg/,2026-03-05,1440,1920,"🪻 miminho personizado para uma mana 🪻
ainda na época natalícia, a M. contactou-nos por mensagem privada para preparar uma prendinha para a irmã. 

escolheu uma das nossas taças decorativas e pediu-nos uma vela personalizada: em tons de roxo e violeta, com um aroma adocicado, suave e aconchegante, e uma pequena mensagem escrita ""és especial"".

deixou toda a criação ao nosso gosto: assim, escolhemos a mistura muito agradável dos óleos essenciais de laranja e de canela, e criámos uma decoração natural com muitas flores nos tons pedidos, para que ficasse bem floral. adicionámos os toques dourados de pedrinhas e de flocos ecológicos, e escrevemos a mensagem à mão e harmonizada tanto com a vela como com a taça. 

gostámos tanto do processo e também do resultado final! 💜 a M. também adorou!🪻

#naturalcandles #flowers #wellness #soycandles #essentialoils"
20260212_DUqCf0CjW9e_01.jpg,Desodorizantes | Sabonetes | Sais de Banho | Batons | Outros,https://www.instagram.com/p/DUqCf0CjW9e/,2026-02-12,1440,1920,"🪷 kit ""eu cuido do meu corpo"" 🪷
ainda no âmbito das encomendas de natal e ano novo, a P. também quis oferecer um conjunto de produtos lucrescente. optou por este kit composto por:
• um frasquinho de sais de banho relaxantes
• um sabonete de corpo com Aloe vera e sementes de papoila 
• um desodorizante em creme com óleos essenciais de lavanda e palmarosa
• um inalador terapêutico
• um bálsamo labial com óleo essencial de laranja. 

incluímos uma espátula de madeira para ajudar na aplicação do desodorizante e, como em todos os nossos kits, oferecemos também a caixinha artesanal para guardar todos os produtos 🪷

uma prenda útil e saudável para qualquer altura do ano...o que achas?

#naturalskincare #essentialoils #selfcare #plantbased"
20260212_DUqCf0CjW9e_02.jpg,Desodorizantes | Sabonetes | Sais de Banho | Batons | Outros,https://www.instagram.com/p/DUqCf0CjW9e/,2026-02-12,1440,1920,"🪷 kit ""eu cuido do meu corpo"" 🪷
ainda no âmbito das encomendas de natal e ano novo, a P. também quis oferecer um conjunto de produtos lucrescente. optou por este kit composto por:
• um frasquinho de sais de banho relaxantes
• um sabonete de corpo com Aloe vera e sementes de papoila 
• um desodorizante em creme com óleos essenciais de lavanda e palmarosa
• um inalador terapêutico
• um bálsamo labial com óleo essencial de laranja. 

incluímos uma espátula de madeira para ajudar na aplicação do desodorizante e, como em todos os nossos kits, oferecemos também a caixinha artesanal para guardar todos os produtos 🪷

uma prenda útil e saudável para qualquer altura do ano...o que achas?

#naturalskincare #essentialoils #selfcare #plantbased"
20260212_DUqCf0CjW9e_03.jpg,Desodorizantes | Sabonetes | Sais de Banho | Batons | Outros,https://www.instagram.com/p/DUqCf0CjW9e/,2026-02-12,1440,1920,"🪷 kit ""eu cuido do meu corpo"" 🪷
ainda no âmbito das encomendas de natal e ano novo, a P. também quis oferecer um conjunto de produtos lucrescente. optou por este kit composto por:
• um frasquinho de sais de banho relaxantes
• um sabonete de corpo com Aloe vera e sementes de papoila 
• um desodorizante em creme com óleos essenciais de lavanda e palmarosa
• um inalador terapêutico
• um bálsamo labial com óleo essencial de laranja. 

incluímos uma espátula de madeira para ajudar na aplicação do desodorizante e, como em todos os nossos kits, oferecemos também a caixinha artesanal para guardar todos os produtos 🪷

uma prenda útil e saudável para qualquer altura do ano...o que achas?

#naturalskincare #essentialoils #selfcare #plantbased"
20260613_DZh3b3LDbXk_01.jpg,Velas,https://www.instagram.com/p/DZh3b3LDbXk/,2026-06-13,1440,1920,"🍋 velinhas personalizadas 🍋
a nossa fiel amiga R. quis novamente presentear as suas 18 clientes com um pequeno miminho em forma de vela.
deixou a escolha dos óleos essenciais e a decoração ao nosso critério, apenas queria que fossem todas um pouco diferentes entre elas...e tivessem uma etiqueta personalizada. 

a etiqueta... mostraremos numa próxima publicação 😉 por enquanto, mostramos estas 4 velinhas com óleo essencial de limão 🍋

o que achas? qual preferes?

📩 envia mensagem para encomendar!

#naturalcandles #aromatherapy #flowerslovers #lemon #naturallighting"
20260613_DZh3b3LDbXk_02.jpg,Velas,https://www.instagram.com/p/DZh3b3LDbXk/,2026-06-13,1440,1920,"🍋 velinhas personalizadas 🍋
a nossa fiel amiga R. quis novamente presentear as suas 18 clientes com um pequeno miminho em forma de vela.
deixou a escolha dos óleos essenciais e a decoração ao nosso critério, apenas queria que fossem todas um pouco diferentes entre elas...e tivessem uma etiqueta personalizada. 

a etiqueta... mostraremos numa próxima publicação 😉 por enquanto, mostramos estas 4 velinhas com óleo essencial de limão 🍋

o que achas? qual preferes?

📩 envia mensagem para encomendar!

#naturalcandles #aromatherapy #flowerslovers #lemon #naturallighting"
20260613_DZh3b3LDbXk_03.jpg,Velas,https://www.instagram.com/p/DZh3b3LDbXk/,2026-06-13,1440,1920,"🍋 velinhas personalizadas 🍋
a nossa fiel amiga R. quis novamente presentear as suas 18 clientes com um pequeno miminho em forma de vela.
deixou a escolha dos óleos essenciais e a decoração ao nosso critério, apenas queria que fossem todas um pouco diferentes entre elas...e tivessem uma etiqueta personalizada. 

a etiqueta... mostraremos numa próxima publicação 😉 por enquanto, mostramos estas 4 velinhas com óleo essencial de limão 🍋

o que achas? qual preferes?

📩 envia mensagem para encomendar!

#naturalcandles #aromatherapy #flowerslovers #lemon #naturallighting"
20260613_DZh3b3LDbXk_04.jpg,Velas,https://www.instagram.com/p/DZh3b3LDbXk/,2026-06-13,1440,1920,"🍋 velinhas personalizadas 🍋
a nossa fiel amiga R. quis novamente presentear as suas 18 clientes com um pequeno miminho em forma de vela.
deixou a escolha dos óleos essenciais e a decoração ao nosso critério, apenas queria que fossem todas um pouco diferentes entre elas...e tivessem uma etiqueta personalizada. 

a etiqueta... mostraremos numa próxima publicação 😉 por enquanto, mostramos estas 4 velinhas com óleo essencial de limão 🍋

o que achas? qual preferes?

📩 envia mensagem para encomendar!

#naturalcandles #aromatherapy #flowerslovers #lemon #naturallighting"
20251214_DSP9Jlvgkq-_01.jpg,Cuidado Capilar | Sabonetes,https://www.instagram.com/p/DSP9Jlvgkq-/,2025-12-14,1440,1920,"🌻 conjunto de limpeza de rosto 🌻
numa parceria com a @_microche_ desenvolvemos um conjunto sustentável, duradouro, ecológico e saudável para a limpeza diária do teu rosto:

• uma toalhinha @_microche_
• 6 discos desmaquilhantes @_microche_
• um sabonete de rosto @lu.crescente 
• uma caixinha feita à mão, para guardares o teu kit (oferta)

dicas de utilização:
🌻 começa por retirar a maquilhagem com um disco de algodão (no fim, passa por água e sabão neutro, e deixa-o secar estendido: no outro dia estará como novo!)
🌻 molha a cara e passa o sabonete de rosto, esfrega suavemente com as mãos e volta a lavar a cara: sente a tua pele hidratada, suave e realmente limpa! dica extra: guarda o teu sabonete em cima de um dos discos para que ele possa secar entre as utilizações 
🌻 usa a toalhinha para secar o rosto, ela irá absorver o excesso de água sem esfregar e irritar a tua pele (deixa-a secar estendida, como os discos e volta a usar no dia seguinte!)
🌻 no final da semana, por exemplo, lava a toalhinha e os discos na máquina de lavar a 40°C, com detergente neutro (sem amaciador para que continuem absorventes)

os artigos da @_microche_ são feitos com fio de algodão hipoalergénico (nacional) e os sabonetes da @lucrescente contêm gel de Aloe vera, sementes de papoila para uma esfoliação suave e óleo essencial de lavanda e de palmarosa, para acalmar a pele e controlar microrganismos, bactérias e pontos negros. 

• duas cores disponíveis: cru e tijolo - podes escolher um conjunto todo da mesma cor ou misturar a teu gosto 🧡

• 25€

📩 envia-nos uma mensagem privada para encomendar!"
20251214_DSP9Jlvgkq-_02.jpg,Cuidado Capilar | Sabonetes,https://www.instagram.com/p/DSP9Jlvgkq-/,2025-12-14,1440,1920,"🌻 conjunto de limpeza de rosto 🌻
numa parceria com a @_microche_ desenvolvemos um conjunto sustentável, duradouro, ecológico e saudável para a limpeza diária do teu rosto:

• uma toalhinha @_microche_
• 6 discos desmaquilhantes @_microche_
• um sabonete de rosto @lu.crescente 
• uma caixinha feita à mão, para guardares o teu kit (oferta)

dicas de utilização:
🌻 começa por retirar a maquilhagem com um disco de algodão (no fim, passa por água e sabão neutro, e deixa-o secar estendido: no outro dia estará como novo!)
🌻 molha a cara e passa o sabonete de rosto, esfrega suavemente com as mãos e volta a lavar a cara: sente a tua pele hidratada, suave e realmente limpa! dica extra: guarda o teu sabonete em cima de um dos discos para que ele possa secar entre as utilizações 
🌻 usa a toalhinha para secar o rosto, ela irá absorver o excesso de água sem esfregar e irritar a tua pele (deixa-a secar estendida, como os discos e volta a usar no dia seguinte!)
🌻 no final da semana, por exemplo, lava a toalhinha e os discos na máquina de lavar a 40°C, com detergente neutro (sem amaciador para que continuem absorventes)

os artigos da @_microche_ são feitos com fio de algodão hipoalergénico (nacional) e os sabonetes da @lucrescente contêm gel de Aloe vera, sementes de papoila para uma esfoliação suave e óleo essencial de lavanda e de palmarosa, para acalmar a pele e controlar microrganismos, bactérias e pontos negros. 

• duas cores disponíveis: cru e tijolo - podes escolher um conjunto todo da mesma cor ou misturar a teu gosto 🧡

• 25€

📩 envia-nos uma mensagem privada para encomendar!"
20251214_DSP9Jlvgkq-_03.jpg,Cuidado Capilar | Sabonetes,https://www.instagram.com/p/DSP9Jlvgkq-/,2025-12-14,1440,1920,"🌻 conjunto de limpeza de rosto 🌻
numa parceria com a @_microche_ desenvolvemos um conjunto sustentável, duradouro, ecológico e saudável para a limpeza diária do teu rosto:

• uma toalhinha @_microche_
• 6 discos desmaquilhantes @_microche_
• um sabonete de rosto @lu.crescente 
• uma caixinha feita à mão, para guardares o teu kit (oferta)

dicas de utilização:
🌻 começa por retirar a maquilhagem com um disco de algodão (no fim, passa por água e sabão neutro, e deixa-o secar estendido: no outro dia estará como novo!)
🌻 molha a cara e passa o sabonete de rosto, esfrega suavemente com as mãos e volta a lavar a cara: sente a tua pele hidratada, suave e realmente limpa! dica extra: guarda o teu sabonete em cima de um dos discos para que ele possa secar entre as utilizações 
🌻 usa a toalhinha para secar o rosto, ela irá absorver o excesso de água sem esfregar e irritar a tua pele (deixa-a secar estendida, como os discos e volta a usar no dia seguinte!)
🌻 no final da semana, por exemplo, lava a toalhinha e os discos na máquina de lavar a 40°C, com detergente neutro (sem amaciador para que continuem absorventes)

os artigos da @_microche_ são feitos com fio de algodão hipoalergénico (nacional) e os sabonetes da @lucrescente contêm gel de Aloe vera, sementes de papoila para uma esfoliação suave e óleo essencial de lavanda e de palmarosa, para acalmar a pele e controlar microrganismos, bactérias e pontos negros. 

• duas cores disponíveis: cru e tijolo - podes escolher um conjunto todo da mesma cor ou misturar a teu gosto 🧡

• 25€

📩 envia-nos uma mensagem privada para encomendar!"
20251214_DSP9Jlvgkq-_04.jpg,Cuidado Capilar | Sabonetes,https://www.instagram.com/p/DSP9Jlvgkq-/,2025-12-14,1440,1920,"🌻 conjunto de limpeza de rosto 🌻
numa parceria com a @_microche_ desenvolvemos um conjunto sustentável, duradouro, ecológico e saudável para a limpeza diária do teu rosto:

• uma toalhinha @_microche_
• 6 discos desmaquilhantes @_microche_
• um sabonete de rosto @lu.crescente 
• uma caixinha feita à mão, para guardares o teu kit (oferta)

dicas de utilização:
🌻 começa por retirar a maquilhagem com um disco de algodão (no fim, passa por água e sabão neutro, e deixa-o secar estendido: no outro dia estará como novo!)
🌻 molha a cara e passa o sabonete de rosto, esfrega suavemente com as mãos e volta a lavar a cara: sente a tua pele hidratada, suave e realmente limpa! dica extra: guarda o teu sabonete em cima de um dos discos para que ele possa secar entre as utilizações 
🌻 usa a toalhinha para secar o rosto, ela irá absorver o excesso de água sem esfregar e irritar a tua pele (deixa-a secar estendida, como os discos e volta a usar no dia seguinte!)
🌻 no final da semana, por exemplo, lava a toalhinha e os discos na máquina de lavar a 40°C, com detergente neutro (sem amaciador para que continuem absorventes)

os artigos da @_microche_ são feitos com fio de algodão hipoalergénico (nacional) e os sabonetes da @lucrescente contêm gel de Aloe vera, sementes de papoila para uma esfoliação suave e óleo essencial de lavanda e de palmarosa, para acalmar a pele e controlar microrganismos, bactérias e pontos negros. 

• duas cores disponíveis: cru e tijolo - podes escolher um conjunto todo da mesma cor ou misturar a teu gosto 🧡

• 25€

📩 envia-nos uma mensagem privada para encomendar!"
20251214_DSP9Jlvgkq-_05.jpg,Cuidado Capilar | Sabonetes,https://www.instagram.com/p/DSP9Jlvgkq-/,2025-12-14,1440,1920,"🌻 conjunto de limpeza de rosto 🌻
numa parceria com a @_microche_ desenvolvemos um conjunto sustentável, duradouro, ecológico e saudável para a limpeza diária do teu rosto:

• uma toalhinha @_microche_
• 6 discos desmaquilhantes @_microche_
• um sabonete de rosto @lu.crescente 
• uma caixinha feita à mão, para guardares o teu kit (oferta)

dicas de utilização:
🌻 começa por retirar a maquilhagem com um disco de algodão (no fim, passa por água e sabão neutro, e deixa-o secar estendido: no outro dia estará como novo!)
🌻 molha a cara e passa o sabonete de rosto, esfrega suavemente com as mãos e volta a lavar a cara: sente a tua pele hidratada, suave e realmente limpa! dica extra: guarda o teu sabonete em cima de um dos discos para que ele possa secar entre as utilizações 
🌻 usa a toalhinha para secar o rosto, ela irá absorver o excesso de água sem esfregar e irritar a tua pele (deixa-a secar estendida, como os discos e volta a usar no dia seguinte!)
🌻 no final da semana, por exemplo, lava a toalhinha e os discos na máquina de lavar a 40°C, com detergente neutro (sem amaciador para que continuem absorventes)

os artigos da @_microche_ são feitos com fio de algodão hipoalergénico (nacional) e os sabonetes da @lucrescente contêm gel de Aloe vera, sementes de papoila para uma esfoliação suave e óleo essencial de lavanda e de palmarosa, para acalmar a pele e controlar microrganismos, bactérias e pontos negros. 

• duas cores disponíveis: cru e tijolo - podes escolher um conjunto todo da mesma cor ou misturar a teu gosto 🧡

• 25€

📩 envia-nos uma mensagem privada para encomendar!"
20251214_DSP9Jlvgkq-_06.jpg,Cuidado Capilar | Sabonetes,https://www.instagram.com/p/DSP9Jlvgkq-/,2025-12-14,1440,1920,"🌻 conjunto de limpeza de rosto 🌻
numa parceria com a @_microche_ desenvolvemos um conjunto sustentável, duradouro, ecológico e saudável para a limpeza diária do teu rosto:

• uma toalhinha @_microche_
• 6 discos desmaquilhantes @_microche_
• um sabonete de rosto @lu.crescente 
• uma caixinha feita à mão, para guardares o teu kit (oferta)

dicas de utilização:
🌻 começa por retirar a maquilhagem com um disco de algodão (no fim, passa por água e sabão neutro, e deixa-o secar estendido: no outro dia estará como novo!)
🌻 molha a cara e passa o sabonete de rosto, esfrega suavemente com as mãos e volta a lavar a cara: sente a tua pele hidratada, suave e realmente limpa! dica extra: guarda o teu sabonete em cima de um dos discos para que ele possa secar entre as utilizações 
🌻 usa a toalhinha para secar o rosto, ela irá absorver o excesso de água sem esfregar e irritar a tua pele (deixa-a secar estendida, como os discos e volta a usar no dia seguinte!)
🌻 no final da semana, por exemplo, lava a toalhinha e os discos na máquina de lavar a 40°C, com detergente neutro (sem amaciador para que continuem absorventes)

os artigos da @_microche_ são feitos com fio de algodão hipoalergénico (nacional) e os sabonetes da @lucrescente contêm gel de Aloe vera, sementes de papoila para uma esfoliação suave e óleo essencial de lavanda e de palmarosa, para acalmar a pele e controlar microrganismos, bactérias e pontos negros. 

• duas cores disponíveis: cru e tijolo - podes escolher um conjunto todo da mesma cor ou misturar a teu gosto 🧡

• 25€

📩 envia-nos uma mensagem privada para encomendar!"
20251214_DSP9Jlvgkq-_07.jpg,Cuidado Capilar | Sabonetes,https://www.instagram.com/p/DSP9Jlvgkq-/,2025-12-14,1440,1920,"🌻 conjunto de limpeza de rosto 🌻
numa parceria com a @_microche_ desenvolvemos um conjunto sustentável, duradouro, ecológico e saudável para a limpeza diária do teu rosto:

• uma toalhinha @_microche_
• 6 discos desmaquilhantes @_microche_
• um sabonete de rosto @lu.crescente 
• uma caixinha feita à mão, para guardares o teu kit (oferta)

dicas de utilização:
🌻 começa por retirar a maquilhagem com um disco de algodão (no fim, passa por água e sabão neutro, e deixa-o secar estendido: no outro dia estará como novo!)
🌻 molha a cara e passa o sabonete de rosto, esfrega suavemente com as mãos e volta a lavar a cara: sente a tua pele hidratada, suave e realmente limpa! dica extra: guarda o teu sabonete em cima de um dos discos para que ele possa secar entre as utilizações 
🌻 usa a toalhinha para secar o rosto, ela irá absorver o excesso de água sem esfregar e irritar a tua pele (deixa-a secar estendida, como os discos e volta a usar no dia seguinte!)
🌻 no final da semana, por exemplo, lava a toalhinha e os discos na máquina de lavar a 40°C, com detergente neutro (sem amaciador para que continuem absorventes)

os artigos da @_microche_ são feitos com fio de algodão hipoalergénico (nacional) e os sabonetes da @lucrescente contêm gel de Aloe vera, sementes de papoila para uma esfoliação suave e óleo essencial de lavanda e de palmarosa, para acalmar a pele e controlar microrganismos, bactérias e pontos negros. 

• duas cores disponíveis: cru e tijolo - podes escolher um conjunto todo da mesma cor ou misturar a teu gosto 🧡

• 25€

📩 envia-nos uma mensagem privada para encomendar!"
20251214_DSP9Jlvgkq-_08.jpg,Cuidado Capilar | Sabonetes,https://www.instagram.com/p/DSP9Jlvgkq-/,2025-12-14,1440,1920,"🌻 conjunto de limpeza de rosto 🌻
numa parceria com a @_microche_ desenvolvemos um conjunto sustentável, duradouro, ecológico e saudável para a limpeza diária do teu rosto:

• uma toalhinha @_microche_
• 6 discos desmaquilhantes @_microche_
• um sabonete de rosto @lu.crescente 
• uma caixinha feita à mão, para guardares o teu kit (oferta)

dicas de utilização:
🌻 começa por retirar a maquilhagem com um disco de algodão (no fim, passa por água e sabão neutro, e deixa-o secar estendido: no outro dia estará como novo!)
🌻 molha a cara e passa o sabonete de rosto, esfrega suavemente com as mãos e volta a lavar a cara: sente a tua pele hidratada, suave e realmente limpa! dica extra: guarda o teu sabonete em cima de um dos discos para que ele possa secar entre as utilizações 
🌻 usa a toalhinha para secar o rosto, ela irá absorver o excesso de água sem esfregar e irritar a tua pele (deixa-a secar estendida, como os discos e volta a usar no dia seguinte!)
🌻 no final da semana, por exemplo, lava a toalhinha e os discos na máquina de lavar a 40°C, com detergente neutro (sem amaciador para que continuem absorventes)

os artigos da @_microche_ são feitos com fio de algodão hipoalergénico (nacional) e os sabonetes da @lucrescente contêm gel de Aloe vera, sementes de papoila para uma esfoliação suave e óleo essencial de lavanda e de palmarosa, para acalmar a pele e controlar microrganismos, bactérias e pontos negros. 

• duas cores disponíveis: cru e tijolo - podes escolher um conjunto todo da mesma cor ou misturar a teu gosto 🧡

• 25€

📩 envia-nos uma mensagem privada para encomendar!"
20251214_DSP9Jlvgkq-_09.jpg,Cuidado Capilar | Sabonetes,https://www.instagram.com/p/DSP9Jlvgkq-/,2025-12-14,1440,1920,"🌻 conjunto de limpeza de rosto 🌻
numa parceria com a @_microche_ desenvolvemos um conjunto sustentável, duradouro, ecológico e saudável para a limpeza diária do teu rosto:

• uma toalhinha @_microche_
• 6 discos desmaquilhantes @_microche_
• um sabonete de rosto @lu.crescente 
• uma caixinha feita à mão, para guardares o teu kit (oferta)

dicas de utilização:
🌻 começa por retirar a maquilhagem com um disco de algodão (no fim, passa por água e sabão neutro, e deixa-o secar estendido: no outro dia estará como novo!)
🌻 molha a cara e passa o sabonete de rosto, esfrega suavemente com as mãos e volta a lavar a cara: sente a tua pele hidratada, suave e realmente limpa! dica extra: guarda o teu sabonete em cima de um dos discos para que ele possa secar entre as utilizações 
🌻 usa a toalhinha para secar o rosto, ela irá absorver o excesso de água sem esfregar e irritar a tua pele (deixa-a secar estendida, como os discos e volta a usar no dia seguinte!)
🌻 no final da semana, por exemplo, lava a toalhinha e os discos na máquina de lavar a 40°C, com detergente neutro (sem amaciador para que continuem absorventes)

os artigos da @_microche_ são feitos com fio de algodão hipoalergénico (nacional) e os sabonetes da @lucrescente contêm gel de Aloe vera, sementes de papoila para uma esfoliação suave e óleo essencial de lavanda e de palmarosa, para acalmar a pele e controlar microrganismos, bactérias e pontos negros. 

• duas cores disponíveis: cru e tijolo - podes escolher um conjunto todo da mesma cor ou misturar a teu gosto 🧡

• 25€

📩 envia-nos uma mensagem privada para encomendar!"
20251214_DSP9Jlvgkq-_10.jpg,Cuidado Capilar | Sabonetes,https://www.instagram.com/p/DSP9Jlvgkq-/,2025-12-14,1440,1920,"🌻 conjunto de limpeza de rosto 🌻
numa parceria com a @_microche_ desenvolvemos um conjunto sustentável, duradouro, ecológico e saudável para a limpeza diária do teu rosto:

• uma toalhinha @_microche_
• 6 discos desmaquilhantes @_microche_
• um sabonete de rosto @lu.crescente 
• uma caixinha feita à mão, para guardares o teu kit (oferta)

dicas de utilização:
🌻 começa por retirar a maquilhagem com um disco de algodão (no fim, passa por água e sabão neutro, e deixa-o secar estendido: no outro dia estará como novo!)
🌻 molha a cara e passa o sabonete de rosto, esfrega suavemente com as mãos e volta a lavar a cara: sente a tua pele hidratada, suave e realmente limpa! dica extra: guarda o teu sabonete em cima de um dos discos para que ele possa secar entre as utilizações 
🌻 usa a toalhinha para secar o rosto, ela irá absorver o excesso de água sem esfregar e irritar a tua pele (deixa-a secar estendida, como os discos e volta a usar no dia seguinte!)
🌻 no final da semana, por exemplo, lava a toalhinha e os discos na máquina de lavar a 40°C, com detergente neutro (sem amaciador para que continuem absorventes)

os artigos da @_microche_ são feitos com fio de algodão hipoalergénico (nacional) e os sabonetes da @lucrescente contêm gel de Aloe vera, sementes de papoila para uma esfoliação suave e óleo essencial de lavanda e de palmarosa, para acalmar a pele e controlar microrganismos, bactérias e pontos negros. 

• duas cores disponíveis: cru e tijolo - podes escolher um conjunto todo da mesma cor ou misturar a teu gosto 🧡

• 25€

📩 envia-nos uma mensagem privada para encomendar!"
20251214_DSP9Jlvgkq-_11.jpg,Cuidado Capilar | Sabonetes,https://www.instagram.com/p/DSP9Jlvgkq-/,2025-12-14,1440,1920,"🌻 conjunto de limpeza de rosto 🌻
numa parceria com a @_microche_ desenvolvemos um conjunto sustentável, duradouro, ecológico e saudável para a limpeza diária do teu rosto:

• uma toalhinha @_microche_
• 6 discos desmaquilhantes @_microche_
• um sabonete de rosto @lu.crescente 
• uma caixinha feita à mão, para guardares o teu kit (oferta)

dicas de utilização:
🌻 começa por retirar a maquilhagem com um disco de algodão (no fim, passa por água e sabão neutro, e deixa-o secar estendido: no outro dia estará como novo!)
🌻 molha a cara e passa o sabonete de rosto, esfrega suavemente com as mãos e volta a lavar a cara: sente a tua pele hidratada, suave e realmente limpa! dica extra: guarda o teu sabonete em cima de um dos discos para que ele possa secar entre as utilizações 
🌻 usa a toalhinha para secar o rosto, ela irá absorver o excesso de água sem esfregar e irritar a tua pele (deixa-a secar estendida, como os discos e volta a usar no dia seguinte!)
🌻 no final da semana, por exemplo, lava a toalhinha e os discos na máquina de lavar a 40°C, com detergente neutro (sem amaciador para que continuem absorventes)

os artigos da @_microche_ são feitos com fio de algodão hipoalergénico (nacional) e os sabonetes da @lucrescente contêm gel de Aloe vera, sementes de papoila para uma esfoliação suave e óleo essencial de lavanda e de palmarosa, para acalmar a pele e controlar microrganismos, bactérias e pontos negros. 

• duas cores disponíveis: cru e tijolo - podes escolher um conjunto todo da mesma cor ou misturar a teu gosto 🧡

• 25€

📩 envia-nos uma mensagem privada para encomendar!"
20260115_DTiYginAp4B_01.jpg,Velas,https://www.instagram.com/p/DTiYginAp4B/,2026-01-15,640,1136,#naturalcandles #aromatherapy #naturallighting #handmade #essentialoils
20260116_DTlHtpWDXLn_01.jpg,Velas,https://www.instagram.com/p/DTlHtpWDXLn/,2026-01-16,1440,1920,"🪭 encomenda natalícia [2/3] 🪭
além da vela em concha natural (vê o post anterior), a P. quis adicionar uma vela em casca de côco natural para que o filho pudesse oferecer no jantar do amigo secreto. 

a única condição era que a decoração fosse em tons de vermelho. e assim foi: combinámos elementos naturais vermelhos, pedrinhas douradas para um toque luminoso e elementos decorativos vermelhos e brilhantes. escolhemos os óleos essenciais de gengibre, canela e limão, para uma energia revitalizante e aconchegante.

a mensagem que nos chegou foi: ""...o meu filho ficou encantado com a vela..."" 🥰
e vocês, o que acham deste género de vela e de decoração? 🪭"
20260116_DTlHtpWDXLn_02.jpg,Velas,https://www.instagram.com/p/DTlHtpWDXLn/,2026-01-16,1440,1920,"🪭 encomenda natalícia [2/3] 🪭
além da vela em concha natural (vê o post anterior), a P. quis adicionar uma vela em casca de côco natural para que o filho pudesse oferecer no jantar do amigo secreto. 

a única condição era que a decoração fosse em tons de vermelho. e assim foi: combinámos elementos naturais vermelhos, pedrinhas douradas para um toque luminoso e elementos decorativos vermelhos e brilhantes. escolhemos os óleos essenciais de gengibre, canela e limão, para uma energia revitalizante e aconchegante.

a mensagem que nos chegou foi: ""...o meu filho ficou encantado com a vela..."" 🥰
e vocês, o que acham deste género de vela e de decoração? 🪭"
20260116_DTlHtpWDXLn_03.jpg,Velas,https://www.instagram.com/p/DTlHtpWDXLn/,2026-01-16,1440,1920,"🪭 encomenda natalícia [2/3] 🪭
além da vela em concha natural (vê o post anterior), a P. quis adicionar uma vela em casca de côco natural para que o filho pudesse oferecer no jantar do amigo secreto. 

a única condição era que a decoração fosse em tons de vermelho. e assim foi: combinámos elementos naturais vermelhos, pedrinhas douradas para um toque luminoso e elementos decorativos vermelhos e brilhantes. escolhemos os óleos essenciais de gengibre, canela e limão, para uma energia revitalizante e aconchegante.

a mensagem que nos chegou foi: ""...o meu filho ficou encantado com a vela..."" 🥰
e vocês, o que acham deste género de vela e de decoração? 🪭"
20260116_DTlHtpWDXLn_04.jpg,Velas,https://www.instagram.com/p/DTlHtpWDXLn/,2026-01-16,1440,1920,"🪭 encomenda natalícia [2/3] 🪭
além da vela em concha natural (vê o post anterior), a P. quis adicionar uma vela em casca de côco natural para que o filho pudesse oferecer no jantar do amigo secreto. 

a única condição era que a decoração fosse em tons de vermelho. e assim foi: combinámos elementos naturais vermelhos, pedrinhas douradas para um toque luminoso e elementos decorativos vermelhos e brilhantes. escolhemos os óleos essenciais de gengibre, canela e limão, para uma energia revitalizante e aconchegante.

a mensagem que nos chegou foi: ""...o meu filho ficou encantado com a vela..."" 🥰
e vocês, o que acham deste género de vela e de decoração? 🪭"
20260116_DTlHtpWDXLn_05.jpg,Velas,https://www.instagram.com/p/DTlHtpWDXLn/,2026-01-16,1440,1920,"🪭 encomenda natalícia [2/3] 🪭
além da vela em concha natural (vê o post anterior), a P. quis adicionar uma vela em casca de côco natural para que o filho pudesse oferecer no jantar do amigo secreto. 

a única condição era que a decoração fosse em tons de vermelho. e assim foi: combinámos elementos naturais vermelhos, pedrinhas douradas para um toque luminoso e elementos decorativos vermelhos e brilhantes. escolhemos os óleos essenciais de gengibre, canela e limão, para uma energia revitalizante e aconchegante.

a mensagem que nos chegou foi: ""...o meu filho ficou encantado com a vela..."" 🥰
e vocês, o que acham deste género de vela e de decoração? 🪭"
20260116_DTlHtpWDXLn_06.jpg,Velas,https://www.instagram.com/p/DTlHtpWDXLn/,2026-01-16,1440,1920,"🪭 encomenda natalícia [2/3] 🪭
além da vela em concha natural (vê o post anterior), a P. quis adicionar uma vela em casca de côco natural para que o filho pudesse oferecer no jantar do amigo secreto. 

a única condição era que a decoração fosse em tons de vermelho. e assim foi: combinámos elementos naturais vermelhos, pedrinhas douradas para um toque luminoso e elementos decorativos vermelhos e brilhantes. escolhemos os óleos essenciais de gengibre, canela e limão, para uma energia revitalizante e aconchegante.

a mensagem que nos chegou foi: ""...o meu filho ficou encantado com a vela..."" 🥰
e vocês, o que acham deste género de vela e de decoração? 🪭"
20260119_DTs4OO1Dc8K_01.jpg,Velas,https://www.instagram.com/p/DTs4OO1Dc8K/,2026-01-19,1440,1920,"🎋 encomenda natalícia [3/3] 🎋
juntamente à vela em concha natural e à vela em casca de côco natural (vê os posts anteriores), a P. escolheu também esta tacinha de vidro verde para presentear uma amiga.

trocámos algumas mensagens para percebermos de que forma poderíamos personalizar a vela: um toque marinho porque a amiga vive junto ao mar (conchinhas), uma decoração natural que lembrasse o natal, e um aroma floral que fosse relaxante e revigorante: óleo essencial de ylang-ylang.

mais uma encomenda que nos encheu o coração e que fez brilhar os olhos da P.! ❣️"
20260119_DTs4OO1Dc8K_02.jpg,Velas,https://www.instagram.com/p/DTs4OO1Dc8K/,2026-01-19,1440,1920,"🎋 encomenda natalícia [3/3] 🎋
juntamente à vela em concha natural e à vela em casca de côco natural (vê os posts anteriores), a P. escolheu também esta tacinha de vidro verde para presentear uma amiga.

trocámos algumas mensagens para percebermos de que forma poderíamos personalizar a vela: um toque marinho porque a amiga vive junto ao mar (conchinhas), uma decoração natural que lembrasse o natal, e um aroma floral que fosse relaxante e revigorante: óleo essencial de ylang-ylang.

mais uma encomenda que nos encheu o coração e que fez brilhar os olhos da P.! ❣️"
20260119_DTs4OO1Dc8K_03.jpg,Velas,https://www.instagram.com/p/DTs4OO1Dc8K/,2026-01-19,1440,1920,"🎋 encomenda natalícia [3/3] 🎋
juntamente à vela em concha natural e à vela em casca de côco natural (vê os posts anteriores), a P. escolheu também esta tacinha de vidro verde para presentear uma amiga.

trocámos algumas mensagens para percebermos de que forma poderíamos personalizar a vela: um toque marinho porque a amiga vive junto ao mar (conchinhas), uma decoração natural que lembrasse o natal, e um aroma floral que fosse relaxante e revigorante: óleo essencial de ylang-ylang.

mais uma encomenda que nos encheu o coração e que fez brilhar os olhos da P.! ❣️"
20260119_DTs4OO1Dc8K_04.jpg,Velas,https://www.instagram.com/p/DTs4OO1Dc8K/,2026-01-19,1440,1920,"🎋 encomenda natalícia [3/3] 🎋
juntamente à vela em concha natural e à vela em casca de côco natural (vê os posts anteriores), a P. escolheu também esta tacinha de vidro verde para presentear uma amiga.

trocámos algumas mensagens para percebermos de que forma poderíamos personalizar a vela: um toque marinho porque a amiga vive junto ao mar (conchinhas), uma decoração natural que lembrasse o natal, e um aroma floral que fosse relaxante e revigorante: óleo essencial de ylang-ylang.

mais uma encomenda que nos encheu o coração e que fez brilhar os olhos da P.! ❣️"
20260119_DTs4OO1Dc8K_05.jpg,Velas,https://www.instagram.com/p/DTs4OO1Dc8K/,2026-01-19,1440,1920,"🎋 encomenda natalícia [3/3] 🎋
juntamente à vela em concha natural e à vela em casca de côco natural (vê os posts anteriores), a P. escolheu também esta tacinha de vidro verde para presentear uma amiga.

trocámos algumas mensagens para percebermos de que forma poderíamos personalizar a vela: um toque marinho porque a amiga vive junto ao mar (conchinhas), uma decoração natural que lembrasse o natal, e um aroma floral que fosse relaxante e revigorante: óleo essencial de ylang-ylang.

mais uma encomenda que nos encheu o coração e que fez brilhar os olhos da P.! ❣️"
20251230_DS5OaAJgr79_01.jpg,Cuidado Capilar | Sabonetes | Velas | Roll-on | Batons,https://www.instagram.com/p/DS5OaAJgr79/,2025-12-30,1440,1920,"🪷 miminho de aniversário 🪷
apesar da distância física, mantemos a nossa primeira amizade de infância (uma amizade de mais de 35 anos com 2 irmãs gémeas) e este ano, uma irmã quis surpreender a outra com um miminho preparado por nós 🩷

assim, foi-nos pedido um conjunto composto por: • um batom hidratante de cor
• um roll-on terapêutico relaxante
• um sabonete de rosto
• um boião de máscara capilar
• uma vela personalizada com um aroma bem floral (lavanda e palmarosa) e uma decoração também ela floral, alegre e brilhante...como sabemos tão bem ser ao gosto das manas aniversariantes!

foi muito significativo e gratificante podermos participar desta forma no aniversário das nossas amigas, encaminhando esta surpresa até França 🩷 merci les copines! 🩷

📩 se também queres surpreender alguém, envia-nos uma mensagem privada para encomendar!"
20251230_DS5OaAJgr79_02.jpg,Cuidado Capilar | Sabonetes | Velas | Roll-on | Batons,https://www.instagram.com/p/DS5OaAJgr79/,2025-12-30,1440,1920,"🪷 miminho de aniversário 🪷
apesar da distância física, mantemos a nossa primeira amizade de infância (uma amizade de mais de 35 anos com 2 irmãs gémeas) e este ano, uma irmã quis surpreender a outra com um miminho preparado por nós 🩷

assim, foi-nos pedido um conjunto composto por: • um batom hidratante de cor
• um roll-on terapêutico relaxante
• um sabonete de rosto
• um boião de máscara capilar
• uma vela personalizada com um aroma bem floral (lavanda e palmarosa) e uma decoração também ela floral, alegre e brilhante...como sabemos tão bem ser ao gosto das manas aniversariantes!

foi muito significativo e gratificante podermos participar desta forma no aniversário das nossas amigas, encaminhando esta surpresa até França 🩷 merci les copines! 🩷

📩 se também queres surpreender alguém, envia-nos uma mensagem privada para encomendar!"
20251230_DS5OaAJgr79_03.jpg,Cuidado Capilar | Sabonetes | Velas | Roll-on | Batons,https://www.instagram.com/p/DS5OaAJgr79/,2025-12-30,1440,1920,"🪷 miminho de aniversário 🪷
apesar da distância física, mantemos a nossa primeira amizade de infância (uma amizade de mais de 35 anos com 2 irmãs gémeas) e este ano, uma irmã quis surpreender a outra com um miminho preparado por nós 🩷

assim, foi-nos pedido um conjunto composto por: • um batom hidratante de cor
• um roll-on terapêutico relaxante
• um sabonete de rosto
• um boião de máscara capilar
• uma vela personalizada com um aroma bem floral (lavanda e palmarosa) e uma decoração também ela floral, alegre e brilhante...como sabemos tão bem ser ao gosto das manas aniversariantes!

foi muito significativo e gratificante podermos participar desta forma no aniversário das nossas amigas, encaminhando esta surpresa até França 🩷 merci les copines! 🩷

📩 se também queres surpreender alguém, envia-nos uma mensagem privada para encomendar!"
20251230_DS5OaAJgr79_04.jpg,Cuidado Capilar | Sabonetes | Velas | Roll-on | Batons,https://www.instagram.com/p/DS5OaAJgr79/,2025-12-30,1440,1920,"🪷 miminho de aniversário 🪷
apesar da distância física, mantemos a nossa primeira amizade de infância (uma amizade de mais de 35 anos com 2 irmãs gémeas) e este ano, uma irmã quis surpreender a outra com um miminho preparado por nós 🩷

assim, foi-nos pedido um conjunto composto por: • um batom hidratante de cor
• um roll-on terapêutico relaxante
• um sabonete de rosto
• um boião de máscara capilar
• uma vela personalizada com um aroma bem floral (lavanda e palmarosa) e uma decoração também ela floral, alegre e brilhante...como sabemos tão bem ser ao gosto das manas aniversariantes!

foi muito significativo e gratificante podermos participar desta forma no aniversário das nossas amigas, encaminhando esta surpresa até França 🩷 merci les copines! 🩷

📩 se também queres surpreender alguém, envia-nos uma mensagem privada para encomendar!"
20251230_DS5OaAJgr79_05.jpg,Cuidado Capilar | Sabonetes | Velas | Roll-on | Batons,https://www.instagram.com/p/DS5OaAJgr79/,2025-12-30,1440,1920,"🪷 miminho de aniversário 🪷
apesar da distância física, mantemos a nossa primeira amizade de infância (uma amizade de mais de 35 anos com 2 irmãs gémeas) e este ano, uma irmã quis surpreender a outra com um miminho preparado por nós 🩷

assim, foi-nos pedido um conjunto composto por: • um batom hidratante de cor
• um roll-on terapêutico relaxante
• um sabonete de rosto
• um boião de máscara capilar
• uma vela personalizada com um aroma bem floral (lavanda e palmarosa) e uma decoração também ela floral, alegre e brilhante...como sabemos tão bem ser ao gosto das manas aniversariantes!

foi muito significativo e gratificante podermos participar desta forma no aniversário das nossas amigas, encaminhando esta surpresa até França 🩷 merci les copines! 🩷

📩 se também queres surpreender alguém, envia-nos uma mensagem privada para encomendar!"
20260117_DTnzpA_DQ0A_01.jpg,Velas,https://www.instagram.com/p/DTnzpA_DQ0A/,2026-01-17,640,1136,"🪭 um pequeno vídeo para verem melhor o brilho e a beleza desta vela natural, com os óleos essenciais de canela, gengibre e limão 🪭

#naturalcandles #red #handmade #aromatherapy #shinnycandle"
20251120_DRShhUwjR8K_01.jpg,Velas,https://www.instagram.com/p/DRShhUwjR8K/,2025-11-20,1440,1920,"⚘️ uma caneca com uma mensagem especial ⚘️
confiaram mais uma vez na nossa criatividade, e entregaram-nos uma caneca para que a transformássemos em vela. 
as únicas indicações foram: um aroma floral e a mensagem a escrever.

assim, escolhemos a mistura dos óleos essenciais de lavanda e palmarosa, e juntámos ainda o toque bem floral do gerânio rosa. criámos a decoração a condizer com as cores da caneca e já com um pequeno toque natalício ⚘️

a caneca já foi entregue e a reação foi muito boa 🥰 esperamos que a pessoa presenteada fique muito feliz com a sua nova caneca personalizada! muitíssimo obrigada por confiarem em nós ❣️

📩 envia-nos uma mensagem para encomendar!"
20251120_DRShhUwjR8K_02.jpg,Velas,https://www.instagram.com/p/DRShhUwjR8K/,2025-11-20,1440,1920,"⚘️ uma caneca com uma mensagem especial ⚘️
confiaram mais uma vez na nossa criatividade, e entregaram-nos uma caneca para que a transformássemos em vela. 
as únicas indicações foram: um aroma floral e a mensagem a escrever.

assim, escolhemos a mistura dos óleos essenciais de lavanda e palmarosa, e juntámos ainda o toque bem floral do gerânio rosa. criámos a decoração a condizer com as cores da caneca e já com um pequeno toque natalício ⚘️

a caneca já foi entregue e a reação foi muito boa 🥰 esperamos que a pessoa presenteada fique muito feliz com a sua nova caneca personalizada! muitíssimo obrigada por confiarem em nós ❣️

📩 envia-nos uma mensagem para encomendar!"
20251120_DRShhUwjR8K_03.jpg,Velas,https://www.instagram.com/p/DRShhUwjR8K/,2025-11-20,1440,1920,"⚘️ uma caneca com uma mensagem especial ⚘️
confiaram mais uma vez na nossa criatividade, e entregaram-nos uma caneca para que a transformássemos em vela. 
as únicas indicações foram: um aroma floral e a mensagem a escrever.

assim, escolhemos a mistura dos óleos essenciais de lavanda e palmarosa, e juntámos ainda o toque bem floral do gerânio rosa. criámos a decoração a condizer com as cores da caneca e já com um pequeno toque natalício ⚘️

a caneca já foi entregue e a reação foi muito boa 🥰 esperamos que a pessoa presenteada fique muito feliz com a sua nova caneca personalizada! muitíssimo obrigada por confiarem em nós ❣️

📩 envia-nos uma mensagem para encomendar!"
20251120_DRShhUwjR8K_04.jpg,Velas,https://www.instagram.com/p/DRShhUwjR8K/,2025-11-20,1440,1920,"⚘️ uma caneca com uma mensagem especial ⚘️
confiaram mais uma vez na nossa criatividade, e entregaram-nos uma caneca para que a transformássemos em vela. 
as únicas indicações foram: um aroma floral e a mensagem a escrever.

assim, escolhemos a mistura dos óleos essenciais de lavanda e palmarosa, e juntámos ainda o toque bem floral do gerânio rosa. criámos a decoração a condizer com as cores da caneca e já com um pequeno toque natalício ⚘️

a caneca já foi entregue e a reação foi muito boa 🥰 esperamos que a pessoa presenteada fique muito feliz com a sua nova caneca personalizada! muitíssimo obrigada por confiarem em nós ❣️

📩 envia-nos uma mensagem para encomendar!"
20251120_DRShhUwjR8K_05.jpg,Velas,https://www.instagram.com/p/DRShhUwjR8K/,2025-11-20,1440,1920,"⚘️ uma caneca com uma mensagem especial ⚘️
confiaram mais uma vez na nossa criatividade, e entregaram-nos uma caneca para que a transformássemos em vela. 
as únicas indicações foram: um aroma floral e a mensagem a escrever.

assim, escolhemos a mistura dos óleos essenciais de lavanda e palmarosa, e juntámos ainda o toque bem floral do gerânio rosa. criámos a decoração a condizer com as cores da caneca e já com um pequeno toque natalício ⚘️

a caneca já foi entregue e a reação foi muito boa 🥰 esperamos que a pessoa presenteada fique muito feliz com a sua nova caneca personalizada! muitíssimo obrigada por confiarem em nós ❣️

📩 envia-nos uma mensagem para encomendar!"
20251120_DRShhUwjR8K_06.jpg,Velas,https://www.instagram.com/p/DRShhUwjR8K/,2025-11-20,1440,1920,"⚘️ uma caneca com uma mensagem especial ⚘️
confiaram mais uma vez na nossa criatividade, e entregaram-nos uma caneca para que a transformássemos em vela. 
as únicas indicações foram: um aroma floral e a mensagem a escrever.

assim, escolhemos a mistura dos óleos essenciais de lavanda e palmarosa, e juntámos ainda o toque bem floral do gerânio rosa. criámos a decoração a condizer com as cores da caneca e já com um pequeno toque natalício ⚘️

a caneca já foi entregue e a reação foi muito boa 🥰 esperamos que a pessoa presenteada fique muito feliz com a sua nova caneca personalizada! muitíssimo obrigada por confiarem em nós ❣️

📩 envia-nos uma mensagem para encomendar!"
20260113_DTdydT3jddW_01.jpg,Velas,https://www.instagram.com/p/DTdydT3jddW/,2026-01-13,1440,1920,"🌟 encomenda natalícia [1/3] 🌟
a simpática P. conheceu-nos em Gândara dos Olivais, em setembro do ano passado, onde estivemos com os nossos produtos e criações.

cerca de um mês antes do natal, contactou-nos para começar a organizar as prendinhas e lembranças. 
foi assim que surgiu esta primeira ideia: uma vela personalizada em concha natural. optámos por usar o óleo essencial de ylang-ylang, por ser floral e, em simultâneo, levemente cítrico. criámos uma decoração natural em tons de natal, adicionámos algum brilho, e personalizámos ainda mais através de uma pequena mensagem escrita 🌟

o que achas desta vela? nós gostámos muito de a criar, e tanto a P. que a encomendou como a pessoa que a recebeu, ficaram encantadas 💛"
20260113_DTdydT3jddW_02.jpg,Velas,https://www.instagram.com/p/DTdydT3jddW/,2026-01-13,1440,1920,"🌟 encomenda natalícia [1/3] 🌟
a simpática P. conheceu-nos em Gândara dos Olivais, em setembro do ano passado, onde estivemos com os nossos produtos e criações.

cerca de um mês antes do natal, contactou-nos para começar a organizar as prendinhas e lembranças. 
foi assim que surgiu esta primeira ideia: uma vela personalizada em concha natural. optámos por usar o óleo essencial de ylang-ylang, por ser floral e, em simultâneo, levemente cítrico. criámos uma decoração natural em tons de natal, adicionámos algum brilho, e personalizámos ainda mais através de uma pequena mensagem escrita 🌟

o que achas desta vela? nós gostámos muito de a criar, e tanto a P. que a encomendou como a pessoa que a recebeu, ficaram encantadas 💛"
20260113_DTdydT3jddW_03.jpg,Velas,https://www.instagram.com/p/DTdydT3jddW/,2026-01-13,1440,1920,"🌟 encomenda natalícia [1/3] 🌟
a simpática P. conheceu-nos em Gândara dos Olivais, em setembro do ano passado, onde estivemos com os nossos produtos e criações.

cerca de um mês antes do natal, contactou-nos para começar a organizar as prendinhas e lembranças. 
foi assim que surgiu esta primeira ideia: uma vela personalizada em concha natural. optámos por usar o óleo essencial de ylang-ylang, por ser floral e, em simultâneo, levemente cítrico. criámos uma decoração natural em tons de natal, adicionámos algum brilho, e personalizámos ainda mais através de uma pequena mensagem escrita 🌟

o que achas desta vela? nós gostámos muito de a criar, e tanto a P. que a encomendou como a pessoa que a recebeu, ficaram encantadas 💛"
20260113_DTdydT3jddW_04.jpg,Velas,https://www.instagram.com/p/DTdydT3jddW/,2026-01-13,1440,1920,"🌟 encomenda natalícia [1/3] 🌟
a simpática P. conheceu-nos em Gândara dos Olivais, em setembro do ano passado, onde estivemos com os nossos produtos e criações.

cerca de um mês antes do natal, contactou-nos para começar a organizar as prendinhas e lembranças. 
foi assim que surgiu esta primeira ideia: uma vela personalizada em concha natural. optámos por usar o óleo essencial de ylang-ylang, por ser floral e, em simultâneo, levemente cítrico. criámos uma decoração natural em tons de natal, adicionámos algum brilho, e personalizámos ainda mais através de uma pequena mensagem escrita 🌟

o que achas desta vela? nós gostámos muito de a criar, e tanto a P. que a encomendou como a pessoa que a recebeu, ficaram encantadas 💛"
20251213_DSNFw4HAv7b_01.jpg,Velas,https://www.instagram.com/p/DSNFw4HAv7b/,2025-12-13,1440,1920,"🧡 mais uma vela em taça de chá 🧡
a P. adorou a nossa outra taça de chá em forma de laranja (vê um dos nossos últimos posts) e quis uma igual...bem, igual igual igual dificilmente fazemos, tanto por ser um trabalho artesanal como por adorarmos fazer (mesmo que pequenas) mudanças para tornarmos cada vela única e especial!

e assim nasceu esta velinha, juntando os óleos essenciais de limão e de laranja (critério deixado ao nosso gosto), desta vez com dois pavios de algodão, e um toque final brilhante, para lembrar a época natalícia ✨️

a P. amou o resultado final! 🧡 e tu, o que achas?

📩 envia-nos uma mensagem privada para encomendar!"
20251213_DSNFw4HAv7b_02.jpg,Velas,https://www.instagram.com/p/DSNFw4HAv7b/,2025-12-13,1440,1920,"🧡 mais uma vela em taça de chá 🧡
a P. adorou a nossa outra taça de chá em forma de laranja (vê um dos nossos últimos posts) e quis uma igual...bem, igual igual igual dificilmente fazemos, tanto por ser um trabalho artesanal como por adorarmos fazer (mesmo que pequenas) mudanças para tornarmos cada vela única e especial!

e assim nasceu esta velinha, juntando os óleos essenciais de limão e de laranja (critério deixado ao nosso gosto), desta vez com dois pavios de algodão, e um toque final brilhante, para lembrar a época natalícia ✨️

a P. amou o resultado final! 🧡 e tu, o que achas?

📩 envia-nos uma mensagem privada para encomendar!"
20251213_DSNFw4HAv7b_03.jpg,Velas,https://www.instagram.com/p/DSNFw4HAv7b/,2025-12-13,1440,1920,"🧡 mais uma vela em taça de chá 🧡
a P. adorou a nossa outra taça de chá em forma de laranja (vê um dos nossos últimos posts) e quis uma igual...bem, igual igual igual dificilmente fazemos, tanto por ser um trabalho artesanal como por adorarmos fazer (mesmo que pequenas) mudanças para tornarmos cada vela única e especial!

e assim nasceu esta velinha, juntando os óleos essenciais de limão e de laranja (critério deixado ao nosso gosto), desta vez com dois pavios de algodão, e um toque final brilhante, para lembrar a época natalícia ✨️

a P. amou o resultado final! 🧡 e tu, o que achas?

📩 envia-nos uma mensagem privada para encomendar!"
20251124_DRdF5g8jRb2_01.jpg,Velas,https://www.instagram.com/p/DRdF5g8jRb2/,2025-11-24,720,1280,"⚘️ uma caneca transformada numa vela única ⚘️

• se também tens uma caneca, uma taça, ou um frasco especial, fala connosco para criarmos a tua vela!

#naturalcandles #aromatherapy #handmade #candlemaking"
20251021_DQFGjWygkKu_01.jpg,Velas,https://www.instagram.com/p/DQFGjWygkKu/,2025-10-21,1440,1920,"💐 vela natural em caneca 💐
mais uma vez, voltámos a receber esta caneca especial para criarmos uma nova vela no seu interior (a primeira vez que a recebemos foi na altura do natal, pela irmã mais nova que queria surpreender a mana - vê o post que fizemos naquele momento). 

de acordo com os óleos essenciais escolhidos (lavanda, palmarosa e hortelã-pimenta), fizemos uma decoração com vários tons e várias plantas naturais. ficou um misto de aroma floral, adocicado e fresco ao mesmo tempo.

muito obrigada por mais esta encomenda e este voto de confiança! 💚"
20251021_DQFGjWygkKu_02.jpg,Velas,https://www.instagram.com/p/DQFGjWygkKu/,2025-10-21,1440,1920,"💐 vela natural em caneca 💐
mais uma vez, voltámos a receber esta caneca especial para criarmos uma nova vela no seu interior (a primeira vez que a recebemos foi na altura do natal, pela irmã mais nova que queria surpreender a mana - vê o post que fizemos naquele momento). 

de acordo com os óleos essenciais escolhidos (lavanda, palmarosa e hortelã-pimenta), fizemos uma decoração com vários tons e várias plantas naturais. ficou um misto de aroma floral, adocicado e fresco ao mesmo tempo.

muito obrigada por mais esta encomenda e este voto de confiança! 💚"
20251021_DQFGjWygkKu_03.jpg,Velas,https://www.instagram.com/p/DQFGjWygkKu/,2025-10-21,1440,1920,"💐 vela natural em caneca 💐
mais uma vez, voltámos a receber esta caneca especial para criarmos uma nova vela no seu interior (a primeira vez que a recebemos foi na altura do natal, pela irmã mais nova que queria surpreender a mana - vê o post que fizemos naquele momento). 

de acordo com os óleos essenciais escolhidos (lavanda, palmarosa e hortelã-pimenta), fizemos uma decoração com vários tons e várias plantas naturais. ficou um misto de aroma floral, adocicado e fresco ao mesmo tempo.

muito obrigada por mais esta encomenda e este voto de confiança! 💚"
20251021_DQFGjWygkKu_04.jpg,Velas,https://www.instagram.com/p/DQFGjWygkKu/,2025-10-21,1440,1920,"💐 vela natural em caneca 💐
mais uma vez, voltámos a receber esta caneca especial para criarmos uma nova vela no seu interior (a primeira vez que a recebemos foi na altura do natal, pela irmã mais nova que queria surpreender a mana - vê o post que fizemos naquele momento). 

de acordo com os óleos essenciais escolhidos (lavanda, palmarosa e hortelã-pimenta), fizemos uma decoração com vários tons e várias plantas naturais. ficou um misto de aroma floral, adocicado e fresco ao mesmo tempo.

muito obrigada por mais esta encomenda e este voto de confiança! 💚"
20251021_DQFGjWygkKu_05.jpg,Velas,https://www.instagram.com/p/DQFGjWygkKu/,2025-10-21,1440,1920,"💐 vela natural em caneca 💐
mais uma vez, voltámos a receber esta caneca especial para criarmos uma nova vela no seu interior (a primeira vez que a recebemos foi na altura do natal, pela irmã mais nova que queria surpreender a mana - vê o post que fizemos naquele momento). 

de acordo com os óleos essenciais escolhidos (lavanda, palmarosa e hortelã-pimenta), fizemos uma decoração com vários tons e várias plantas naturais. ficou um misto de aroma floral, adocicado e fresco ao mesmo tempo.

muito obrigada por mais esta encomenda e este voto de confiança! 💚"
20251013_DPw2JciCAJ0_01.jpg,Cuidado Capilar | Velas | Roll-on,https://www.instagram.com/p/DPw2JciCAJ0/,2025-10-13,1440,1920,"🍂 encomenda com destino: Qatar 🍂
além das 2 velas em copo de vidro colorido e da vela em taça de chá, que já divulgámos em publicações anteriores, também nos foram encomendados:
1 boião de máscara capilar (120ml)
3 roll-ons terapêuticos para relaxamento 

muito obrigada por mais esta encomenda e por levares os produtos e as criações lucrescente além fronteiras, querida R.! 🧡"
20251013_DPw2JciCAJ0_02.jpg,Cuidado Capilar | Velas | Roll-on,https://www.instagram.com/p/DPw2JciCAJ0/,2025-10-13,1440,1920,"🍂 encomenda com destino: Qatar 🍂
além das 2 velas em copo de vidro colorido e da vela em taça de chá, que já divulgámos em publicações anteriores, também nos foram encomendados:
1 boião de máscara capilar (120ml)
3 roll-ons terapêuticos para relaxamento 

muito obrigada por mais esta encomenda e por levares os produtos e as criações lucrescente além fronteiras, querida R.! 🧡"
20251009_DPmNDNqAiMY_01.jpg,Velas,https://www.instagram.com/p/DPmNDNqAiMY/,2025-10-09,1440,1920,"💐 vela natural em copo de vidro {2/2} 💐
para juntar à encomenda da vela em copo de vidro rosa (vê o post anterior), foi-nos pedido que usássemos este para criar: uma vela natural, um aroma e uma decoração.
optámos pelo aroma aconchegante e quente do óleo essencial da canela (elemento madeira) e por vários elementos florais que ficassem harmoniosos com a cor vibrante do vidro e que ajudassem também a recriar uma pequena ""mancha"" natural/floral.

gostámos muito do resultado final...e tu, o que achas? 💚"
20251009_DPmNDNqAiMY_02.jpg,Velas,https://www.instagram.com/p/DPmNDNqAiMY/,2025-10-09,1440,1920,"💐 vela natural em copo de vidro {2/2} 💐
para juntar à encomenda da vela em copo de vidro rosa (vê o post anterior), foi-nos pedido que usássemos este para criar: uma vela natural, um aroma e uma decoração.
optámos pelo aroma aconchegante e quente do óleo essencial da canela (elemento madeira) e por vários elementos florais que ficassem harmoniosos com a cor vibrante do vidro e que ajudassem também a recriar uma pequena ""mancha"" natural/floral.

gostámos muito do resultado final...e tu, o que achas? 💚"
20250624_DLSGMbLCE6G_01.jpg,Velas | Roll-on | Sais de Banho | Outros,https://www.instagram.com/p/DLSGMbLCE6G/,2025-06-24,1440,1920,"🪷 kit relaxamento para aniversário 🪷
a semana passada foi-nos pedido este conjunto de relaxamento com produtos lucrescente para oferecer como prenda de aniversário.

personalizámos o kit com uma vela ambiente com óleo essencial de ylang-ylang, a pedido da cliente, e criámos um ""guia"" com instruções para que a aniversariante possa desfrutar da melhor maneira dos seus produtos relaxantes: sais de banho, vela de massagem, vela ambiente e roll-on ""relax"".

juntámos ainda 3 ambientadores de oferta, assim como a caixinha artesanal para compor o conjuntinho bonito.
muito gratas por, mais uma vez, escolherem a lucrescente para as vossas ocasiões especiais 💗

e tu, o que achas desta ideia para mimar uma pessoa especial? 🪷 consulta as nossas sugestões de kits ou cria o teu! 

📩 envia-nos uma mensagem para encomendar!"
20250624_DLSGMbLCE6G_02.jpg,Velas | Roll-on | Sais de Banho | Outros,https://www.instagram.com/p/DLSGMbLCE6G/,2025-06-24,1440,1920,"🪷 kit relaxamento para aniversário 🪷
a semana passada foi-nos pedido este conjunto de relaxamento com produtos lucrescente para oferecer como prenda de aniversário.

personalizámos o kit com uma vela ambiente com óleo essencial de ylang-ylang, a pedido da cliente, e criámos um ""guia"" com instruções para que a aniversariante possa desfrutar da melhor maneira dos seus produtos relaxantes: sais de banho, vela de massagem, vela ambiente e roll-on ""relax"".

juntámos ainda 3 ambientadores de oferta, assim como a caixinha artesanal para compor o conjuntinho bonito.
muito gratas por, mais uma vez, escolherem a lucrescente para as vossas ocasiões especiais 💗

e tu, o que achas desta ideia para mimar uma pessoa especial? 🪷 consulta as nossas sugestões de kits ou cria o teu! 

📩 envia-nos uma mensagem para encomendar!"
20250624_DLSGMbLCE6G_03.jpg,Velas | Roll-on | Sais de Banho | Outros,https://www.instagram.com/p/DLSGMbLCE6G/,2025-06-24,1440,1920,"🪷 kit relaxamento para aniversário 🪷
a semana passada foi-nos pedido este conjunto de relaxamento com produtos lucrescente para oferecer como prenda de aniversário.

personalizámos o kit com uma vela ambiente com óleo essencial de ylang-ylang, a pedido da cliente, e criámos um ""guia"" com instruções para que a aniversariante possa desfrutar da melhor maneira dos seus produtos relaxantes: sais de banho, vela de massagem, vela ambiente e roll-on ""relax"".

juntámos ainda 3 ambientadores de oferta, assim como a caixinha artesanal para compor o conjuntinho bonito.
muito gratas por, mais uma vez, escolherem a lucrescente para as vossas ocasiões especiais 💗

e tu, o que achas desta ideia para mimar uma pessoa especial? 🪷 consulta as nossas sugestões de kits ou cria o teu! 

📩 envia-nos uma mensagem para encomendar!"
20250624_DLSGMbLCE6G_04.jpg,Velas | Roll-on | Sais de Banho | Outros,https://www.instagram.com/p/DLSGMbLCE6G/,2025-06-24,1440,1920,"🪷 kit relaxamento para aniversário 🪷
a semana passada foi-nos pedido este conjunto de relaxamento com produtos lucrescente para oferecer como prenda de aniversário.

personalizámos o kit com uma vela ambiente com óleo essencial de ylang-ylang, a pedido da cliente, e criámos um ""guia"" com instruções para que a aniversariante possa desfrutar da melhor maneira dos seus produtos relaxantes: sais de banho, vela de massagem, vela ambiente e roll-on ""relax"".

juntámos ainda 3 ambientadores de oferta, assim como a caixinha artesanal para compor o conjuntinho bonito.
muito gratas por, mais uma vez, escolherem a lucrescente para as vossas ocasiões especiais 💗

e tu, o que achas desta ideia para mimar uma pessoa especial? 🪷 consulta as nossas sugestões de kits ou cria o teu! 

📩 envia-nos uma mensagem para encomendar!"
20250624_DLSGMbLCE6G_05.jpg,Velas | Roll-on | Sais de Banho | Outros,https://www.instagram.com/p/DLSGMbLCE6G/,2025-06-24,1440,1920,"🪷 kit relaxamento para aniversário 🪷
a semana passada foi-nos pedido este conjunto de relaxamento com produtos lucrescente para oferecer como prenda de aniversário.

personalizámos o kit com uma vela ambiente com óleo essencial de ylang-ylang, a pedido da cliente, e criámos um ""guia"" com instruções para que a aniversariante possa desfrutar da melhor maneira dos seus produtos relaxantes: sais de banho, vela de massagem, vela ambiente e roll-on ""relax"".

juntámos ainda 3 ambientadores de oferta, assim como a caixinha artesanal para compor o conjuntinho bonito.
muito gratas por, mais uma vez, escolherem a lucrescente para as vossas ocasiões especiais 💗

e tu, o que achas desta ideia para mimar uma pessoa especial? 🪷 consulta as nossas sugestões de kits ou cria o teu! 

📩 envia-nos uma mensagem para encomendar!"
20250709_DL5WmHQieHM_01.jpg,Sabonetes | Velas | Outros,https://www.instagram.com/p/DL5WmHQieHM/,2025-07-09,1440,1920,"🏵 lembrança de final de ano letivo {2/2} 🏵
além das velas e dos frasquinhos com ambientadores (ver post anterior), os representantes dos pais e E. Educação do Centro Escolar de Lorvão (Coimbra) também quiseram presentear os restantes professores e educadores com outros conjuntos personalizados:

• 5 saquinhos de algodão com um conjunto -  1 sabonete de rosto + 1 ambientador de ylang-ylang;
• 3 saquinhos de linho com 1 sabonete de rosto

cada etiqueta foi criada por nós, de acordo com as cores principais da encomenda, e personalizada com o nome respetivo 🧡 assim ficou completa esta encomenda especial que nos deu tanto gosto preparar. muito obrigada pela confiança 🏵

📩 envia-nos uma mensagem para encomendar!"
20250709_DL5WmHQieHM_02.jpg,Sabonetes | Velas | Outros,https://www.instagram.com/p/DL5WmHQieHM/,2025-07-09,1440,1920,"🏵 lembrança de final de ano letivo {2/2} 🏵
além das velas e dos frasquinhos com ambientadores (ver post anterior), os representantes dos pais e E. Educação do Centro Escolar de Lorvão (Coimbra) também quiseram presentear os restantes professores e educadores com outros conjuntos personalizados:

• 5 saquinhos de algodão com um conjunto -  1 sabonete de rosto + 1 ambientador de ylang-ylang;
• 3 saquinhos de linho com 1 sabonete de rosto

cada etiqueta foi criada por nós, de acordo com as cores principais da encomenda, e personalizada com o nome respetivo 🧡 assim ficou completa esta encomenda especial que nos deu tanto gosto preparar. muito obrigada pela confiança 🏵

📩 envia-nos uma mensagem para encomendar!"
20250709_DL5WmHQieHM_03.jpg,Sabonetes | Velas | Outros,https://www.instagram.com/p/DL5WmHQieHM/,2025-07-09,1440,1920,"🏵 lembrança de final de ano letivo {2/2} 🏵
além das velas e dos frasquinhos com ambientadores (ver post anterior), os representantes dos pais e E. Educação do Centro Escolar de Lorvão (Coimbra) também quiseram presentear os restantes professores e educadores com outros conjuntos personalizados:

• 5 saquinhos de algodão com um conjunto -  1 sabonete de rosto + 1 ambientador de ylang-ylang;
• 3 saquinhos de linho com 1 sabonete de rosto

cada etiqueta foi criada por nós, de acordo com as cores principais da encomenda, e personalizada com o nome respetivo 🧡 assim ficou completa esta encomenda especial que nos deu tanto gosto preparar. muito obrigada pela confiança 🏵

📩 envia-nos uma mensagem para encomendar!"
20250709_DL5WmHQieHM_04.jpg,Sabonetes | Velas | Outros,https://www.instagram.com/p/DL5WmHQieHM/,2025-07-09,1440,1920,"🏵 lembrança de final de ano letivo {2/2} 🏵
além das velas e dos frasquinhos com ambientadores (ver post anterior), os representantes dos pais e E. Educação do Centro Escolar de Lorvão (Coimbra) também quiseram presentear os restantes professores e educadores com outros conjuntos personalizados:

• 5 saquinhos de algodão com um conjunto -  1 sabonete de rosto + 1 ambientador de ylang-ylang;
• 3 saquinhos de linho com 1 sabonete de rosto

cada etiqueta foi criada por nós, de acordo com as cores principais da encomenda, e personalizada com o nome respetivo 🧡 assim ficou completa esta encomenda especial que nos deu tanto gosto preparar. muito obrigada pela confiança 🏵

📩 envia-nos uma mensagem para encomendar!"
20250709_DL5WmHQieHM_05.jpg,Sabonetes | Velas | Outros,https://www.instagram.com/p/DL5WmHQieHM/,2025-07-09,1440,1920,"🏵 lembrança de final de ano letivo {2/2} 🏵
além das velas e dos frasquinhos com ambientadores (ver post anterior), os representantes dos pais e E. Educação do Centro Escolar de Lorvão (Coimbra) também quiseram presentear os restantes professores e educadores com outros conjuntos personalizados:

• 5 saquinhos de algodão com um conjunto -  1 sabonete de rosto + 1 ambientador de ylang-ylang;
• 3 saquinhos de linho com 1 sabonete de rosto

cada etiqueta foi criada por nós, de acordo com as cores principais da encomenda, e personalizada com o nome respetivo 🧡 assim ficou completa esta encomenda especial que nos deu tanto gosto preparar. muito obrigada pela confiança 🏵

📩 envia-nos uma mensagem para encomendar!"
20250709_DL5WmHQieHM_06.jpg,Sabonetes | Velas | Outros,https://www.instagram.com/p/DL5WmHQieHM/,2025-07-09,1440,1920,"🏵 lembrança de final de ano letivo {2/2} 🏵
além das velas e dos frasquinhos com ambientadores (ver post anterior), os representantes dos pais e E. Educação do Centro Escolar de Lorvão (Coimbra) também quiseram presentear os restantes professores e educadores com outros conjuntos personalizados:

• 5 saquinhos de algodão com um conjunto -  1 sabonete de rosto + 1 ambientador de ylang-ylang;
• 3 saquinhos de linho com 1 sabonete de rosto

cada etiqueta foi criada por nós, de acordo com as cores principais da encomenda, e personalizada com o nome respetivo 🧡 assim ficou completa esta encomenda especial que nos deu tanto gosto preparar. muito obrigada pela confiança 🏵

📩 envia-nos uma mensagem para encomendar!"
20250709_DL5WmHQieHM_07.jpg,Sabonetes | Velas | Outros,https://www.instagram.com/p/DL5WmHQieHM/,2025-07-09,1440,1920,"🏵 lembrança de final de ano letivo {2/2} 🏵
além das velas e dos frasquinhos com ambientadores (ver post anterior), os representantes dos pais e E. Educação do Centro Escolar de Lorvão (Coimbra) também quiseram presentear os restantes professores e educadores com outros conjuntos personalizados:

• 5 saquinhos de algodão com um conjunto -  1 sabonete de rosto + 1 ambientador de ylang-ylang;
• 3 saquinhos de linho com 1 sabonete de rosto

cada etiqueta foi criada por nós, de acordo com as cores principais da encomenda, e personalizada com o nome respetivo 🧡 assim ficou completa esta encomenda especial que nos deu tanto gosto preparar. muito obrigada pela confiança 🏵

📩 envia-nos uma mensagem para encomendar!"
20251010_DPo621ljS5i_01.jpg,Velas,https://www.instagram.com/p/DPo621ljS5i/,2025-10-10,1440,1920,"🍊 vela natural em taça 🍊
para juntar às 2 velas em copo de vidro colorido (vê as duas publicações anteriores) a cliente também escolheu esta taça muito gira em forma de laranja para criarmos nela uma vela a nosso gosto.
assim, escolhemos o óleo essencial de laranja para transmitir energia e boa disposição, e uma decoração com vários elementos naturais a condizer com o aroma e a própria taça.

após disfrutar da sua linda vela, a cliente poderá disfrutar de um delicioso chá na sua nova taça (ou voltar a criar uma vela, porque não?) 🍊

adorámos o resultado final! e tu? 🧡

(ainda temos disponível mais uma taça igual, reserva-a antes que esgote!)"
20251010_DPo621ljS5i_02.jpg,Velas,https://www.instagram.com/p/DPo621ljS5i/,2025-10-10,1440,1920,"🍊 vela natural em taça 🍊
para juntar às 2 velas em copo de vidro colorido (vê as duas publicações anteriores) a cliente também escolheu esta taça muito gira em forma de laranja para criarmos nela uma vela a nosso gosto.
assim, escolhemos o óleo essencial de laranja para transmitir energia e boa disposição, e uma decoração com vários elementos naturais a condizer com o aroma e a própria taça.

após disfrutar da sua linda vela, a cliente poderá disfrutar de um delicioso chá na sua nova taça (ou voltar a criar uma vela, porque não?) 🍊

adorámos o resultado final! e tu? 🧡

(ainda temos disponível mais uma taça igual, reserva-a antes que esgote!)"
20250923_DO88o7wiJWU_01.jpg,_por_rever,https://www.instagram.com/p/DO88o7wiJWU/,2025-09-23,1440,1920,"🍂 mais uma festinha 🍂
este fim-de-semana (19 a 21 set.) estivemos presentes nas festas de Gândara dos Olivais (Leiria) com as nossas criações lucrescentes.

conseguimos levar quase todos os produtos capilares, de higiene e bem-estar, para nos darmos a conhecer às pessoas de Gândara e arredores. foi bom encontrar e partilhar conhecimentos com novas pessoas. 

gratas a quem confiou e a quem levou a experiência lucrescente para a sua casa 🧡 aguardamos os vossos feedbacks com impaciência 😉"
20250923_DO88o7wiJWU_02.jpg,_por_rever,https://www.instagram.com/p/DO88o7wiJWU/,2025-09-23,1440,1920,"🍂 mais uma festinha 🍂
este fim-de-semana (19 a 21 set.) estivemos presentes nas festas de Gândara dos Olivais (Leiria) com as nossas criações lucrescentes.

conseguimos levar quase todos os produtos capilares, de higiene e bem-estar, para nos darmos a conhecer às pessoas de Gândara e arredores. foi bom encontrar e partilhar conhecimentos com novas pessoas. 

gratas a quem confiou e a quem levou a experiência lucrescente para a sua casa 🧡 aguardamos os vossos feedbacks com impaciência 😉"
20250923_DO88o7wiJWU_03.jpg,_por_rever,https://www.instagram.com/p/DO88o7wiJWU/,2025-09-23,1440,1920,"🍂 mais uma festinha 🍂
este fim-de-semana (19 a 21 set.) estivemos presentes nas festas de Gândara dos Olivais (Leiria) com as nossas criações lucrescentes.

conseguimos levar quase todos os produtos capilares, de higiene e bem-estar, para nos darmos a conhecer às pessoas de Gândara e arredores. foi bom encontrar e partilhar conhecimentos com novas pessoas. 

gratas a quem confiou e a quem levou a experiência lucrescente para a sua casa 🧡 aguardamos os vossos feedbacks com impaciência 😉"
20250430_DJFLnzgCjk2_01.jpg,Desodorizantes | Sabonetes | Sais de Banho | Batons | Outros,https://www.instagram.com/p/DJFLnzgCjk2/,2025-04-30,1440,1800,"🪷 kit ""eu cuido do meu corpo"" 🪷
conjunto composto por:
• um desodorizante em creme 
• um bálsamo labial hidratante (à escolha)
• um inalador terapêutico 
• um sabonete de corpo
• um frasco pequeno de sais marinhos relaxantes, com flores secas e óleos essenciais (para banho ou escalda-pés)

oferta de uma caixa artesanal, reutilizável e sustentável, feita à mão (à escolha, consoante o stock disponível)

22€

📩 envia mensagem privada para encomendar!"
20250430_DJFLnzgCjk2_02.jpg,Desodorizantes | Sabonetes | Sais de Banho | Batons | Outros,https://www.instagram.com/p/DJFLnzgCjk2/,2025-04-30,1440,1800,"🪷 kit ""eu cuido do meu corpo"" 🪷
conjunto composto por:
• um desodorizante em creme 
• um bálsamo labial hidratante (à escolha)
• um inalador terapêutico 
• um sabonete de corpo
• um frasco pequeno de sais marinhos relaxantes, com flores secas e óleos essenciais (para banho ou escalda-pés)

oferta de uma caixa artesanal, reutilizável e sustentável, feita à mão (à escolha, consoante o stock disponível)

22€

📩 envia mensagem privada para encomendar!"
20250430_DJFLnzgCjk2_03.jpg,Desodorizantes | Sabonetes | Sais de Banho | Batons | Outros,https://www.instagram.com/p/DJFLnzgCjk2/,2025-04-30,1440,1800,"🪷 kit ""eu cuido do meu corpo"" 🪷
conjunto composto por:
• um desodorizante em creme 
• um bálsamo labial hidratante (à escolha)
• um inalador terapêutico 
• um sabonete de corpo
• um frasco pequeno de sais marinhos relaxantes, com flores secas e óleos essenciais (para banho ou escalda-pés)

oferta de uma caixa artesanal, reutilizável e sustentável, feita à mão (à escolha, consoante o stock disponível)

22€

📩 envia mensagem privada para encomendar!"
20250616_DK-AHlYCWaP_01.jpg,Velas,https://www.instagram.com/p/DK-AHlYCWaP/,2025-06-16,1440,1920,"🌷 lembranças de crisma 🌷
para celebrar esta ocasião especial, foi-nos feita uma encomenda de 12 velas que preparámos com muito carinho.
procurámos uns frascos que fosse do gosto da Inês, e personalizámos com uma etiqueta especialmente concebida para esta celebração. 
as velas foram preparadas com óleo essencial de bergamota, para um aroma jovem e fresco, simultaneamente floral e cítrico. a decoração também foi feita de acordo com a preferência da Inês: uma decoração floral, simples e com um toque brilhante.

gostámos imenso de preparar esta encomenda tão bonita e cheia de pormenores que a tornaram única! 🌷 muito obrigada ""Nenê"" mais uma vez, por teres pensado em nós e pela total confiança durante todo o processo 💖"
20250616_DK-AHlYCWaP_02.jpg,Velas,https://www.instagram.com/p/DK-AHlYCWaP/,2025-06-16,1440,1920,"🌷 lembranças de crisma 🌷
para celebrar esta ocasião especial, foi-nos feita uma encomenda de 12 velas que preparámos com muito carinho.
procurámos uns frascos que fosse do gosto da Inês, e personalizámos com uma etiqueta especialmente concebida para esta celebração. 
as velas foram preparadas com óleo essencial de bergamota, para um aroma jovem e fresco, simultaneamente floral e cítrico. a decoração também foi feita de acordo com a preferência da Inês: uma decoração floral, simples e com um toque brilhante.

gostámos imenso de preparar esta encomenda tão bonita e cheia de pormenores que a tornaram única! 🌷 muito obrigada ""Nenê"" mais uma vez, por teres pensado em nós e pela total confiança durante todo o processo 💖"
20250616_DK-AHlYCWaP_03.jpg,Velas,https://www.instagram.com/p/DK-AHlYCWaP/,2025-06-16,1440,1920,"🌷 lembranças de crisma 🌷
para celebrar esta ocasião especial, foi-nos feita uma encomenda de 12 velas que preparámos com muito carinho.
procurámos uns frascos que fosse do gosto da Inês, e personalizámos com uma etiqueta especialmente concebida para esta celebração. 
as velas foram preparadas com óleo essencial de bergamota, para um aroma jovem e fresco, simultaneamente floral e cítrico. a decoração também foi feita de acordo com a preferência da Inês: uma decoração floral, simples e com um toque brilhante.

gostámos imenso de preparar esta encomenda tão bonita e cheia de pormenores que a tornaram única! 🌷 muito obrigada ""Nenê"" mais uma vez, por teres pensado em nós e pela total confiança durante todo o processo 💖"
20250616_DK-AHlYCWaP_04.jpg,Velas,https://www.instagram.com/p/DK-AHlYCWaP/,2025-06-16,1440,1920,"🌷 lembranças de crisma 🌷
para celebrar esta ocasião especial, foi-nos feita uma encomenda de 12 velas que preparámos com muito carinho.
procurámos uns frascos que fosse do gosto da Inês, e personalizámos com uma etiqueta especialmente concebida para esta celebração. 
as velas foram preparadas com óleo essencial de bergamota, para um aroma jovem e fresco, simultaneamente floral e cítrico. a decoração também foi feita de acordo com a preferência da Inês: uma decoração floral, simples e com um toque brilhante.

gostámos imenso de preparar esta encomenda tão bonita e cheia de pormenores que a tornaram única! 🌷 muito obrigada ""Nenê"" mais uma vez, por teres pensado em nós e pela total confiança durante todo o processo 💖"
20250616_DK-AHlYCWaP_05.jpg,Velas,https://www.instagram.com/p/DK-AHlYCWaP/,2025-06-16,1440,1920,"🌷 lembranças de crisma 🌷
para celebrar esta ocasião especial, foi-nos feita uma encomenda de 12 velas que preparámos com muito carinho.
procurámos uns frascos que fosse do gosto da Inês, e personalizámos com uma etiqueta especialmente concebida para esta celebração. 
as velas foram preparadas com óleo essencial de bergamota, para um aroma jovem e fresco, simultaneamente floral e cítrico. a decoração também foi feita de acordo com a preferência da Inês: uma decoração floral, simples e com um toque brilhante.

gostámos imenso de preparar esta encomenda tão bonita e cheia de pormenores que a tornaram única! 🌷 muito obrigada ""Nenê"" mais uma vez, por teres pensado em nós e pela total confiança durante todo o processo 💖"
20250616_DK-AHlYCWaP_06.jpg,Velas,https://www.instagram.com/p/DK-AHlYCWaP/,2025-06-16,1440,1920,"🌷 lembranças de crisma 🌷
para celebrar esta ocasião especial, foi-nos feita uma encomenda de 12 velas que preparámos com muito carinho.
procurámos uns frascos que fosse do gosto da Inês, e personalizámos com uma etiqueta especialmente concebida para esta celebração. 
as velas foram preparadas com óleo essencial de bergamota, para um aroma jovem e fresco, simultaneamente floral e cítrico. a decoração também foi feita de acordo com a preferência da Inês: uma decoração floral, simples e com um toque brilhante.

gostámos imenso de preparar esta encomenda tão bonita e cheia de pormenores que a tornaram única! 🌷 muito obrigada ""Nenê"" mais uma vez, por teres pensado em nós e pela total confiança durante todo o processo 💖"
20250616_DK-AHlYCWaP_07.jpg,Velas,https://www.instagram.com/p/DK-AHlYCWaP/,2025-06-16,1440,1920,"🌷 lembranças de crisma 🌷
para celebrar esta ocasião especial, foi-nos feita uma encomenda de 12 velas que preparámos com muito carinho.
procurámos uns frascos que fosse do gosto da Inês, e personalizámos com uma etiqueta especialmente concebida para esta celebração. 
as velas foram preparadas com óleo essencial de bergamota, para um aroma jovem e fresco, simultaneamente floral e cítrico. a decoração também foi feita de acordo com a preferência da Inês: uma decoração floral, simples e com um toque brilhante.

gostámos imenso de preparar esta encomenda tão bonita e cheia de pormenores que a tornaram única! 🌷 muito obrigada ""Nenê"" mais uma vez, por teres pensado em nós e pela total confiança durante todo o processo 💖"
20250803_DM51x3zidU4_01.jpg,_por_rever,https://www.instagram.com/p/DM51x3zidU4/,2025-08-03,1440,1920,"🌾 julho, mês intenso 🌾
o mês passado foi de uma grande intensidade! desde a feira quinhentista em Abiúl (Pombal) - a nossa primeira feira medieval, vestidas a rigor -, o Bioartes (Pombal), a preparação de kits, de prendas de aniversário personalizadas, e de encomendas, e dois dias de festival @timilha_ (Ilha) onde esgotámos mais de metade dos nossos produtos...os quais ainda nem conseguimos repôr o stock!

como alguns de vós sabem, estamos envolvidas noutras tarefas/trabalhos, alguns com prazos para cumprir...imaginem a roda viva que vai aqui! 😅 mas estamos a tentar ""voltar"" às publicações e partilhas, e a novas criações 🌾

muito obrigada a quem nos (re)encontrou nestes eventos, obrigada pela confiança, pelo carinho, pelos retornos e pelo apoio 💛
voltamos a encontrar-nos, por aí, em breve!"
20250803_DM51x3zidU4_02.jpg,_por_rever,https://www.instagram.com/p/DM51x3zidU4/,2025-08-03,1440,1920,"🌾 julho, mês intenso 🌾
o mês passado foi de uma grande intensidade! desde a feira quinhentista em Abiúl (Pombal) - a nossa primeira feira medieval, vestidas a rigor -, o Bioartes (Pombal), a preparação de kits, de prendas de aniversário personalizadas, e de encomendas, e dois dias de festival @timilha_ (Ilha) onde esgotámos mais de metade dos nossos produtos...os quais ainda nem conseguimos repôr o stock!

como alguns de vós sabem, estamos envolvidas noutras tarefas/trabalhos, alguns com prazos para cumprir...imaginem a roda viva que vai aqui! 😅 mas estamos a tentar ""voltar"" às publicações e partilhas, e a novas criações 🌾

muito obrigada a quem nos (re)encontrou nestes eventos, obrigada pela confiança, pelo carinho, pelos retornos e pelo apoio 💛
voltamos a encontrar-nos, por aí, em breve!"
20250803_DM51x3zidU4_03.jpg,_por_rever,https://www.instagram.com/p/DM51x3zidU4/,2025-08-03,720,960,"🌾 julho, mês intenso 🌾
o mês passado foi de uma grande intensidade! desde a feira quinhentista em Abiúl (Pombal) - a nossa primeira feira medieval, vestidas a rigor -, o Bioartes (Pombal), a preparação de kits, de prendas de aniversário personalizadas, e de encomendas, e dois dias de festival @timilha_ (Ilha) onde esgotámos mais de metade dos nossos produtos...os quais ainda nem conseguimos repôr o stock!

como alguns de vós sabem, estamos envolvidas noutras tarefas/trabalhos, alguns com prazos para cumprir...imaginem a roda viva que vai aqui! 😅 mas estamos a tentar ""voltar"" às publicações e partilhas, e a novas criações 🌾

muito obrigada a quem nos (re)encontrou nestes eventos, obrigada pela confiança, pelo carinho, pelos retornos e pelo apoio 💛
voltamos a encontrar-nos, por aí, em breve!"
20250803_DM51x3zidU4_04.jpg,_por_rever,https://www.instagram.com/p/DM51x3zidU4/,2025-08-03,1440,1920,"🌾 julho, mês intenso 🌾
o mês passado foi de uma grande intensidade! desde a feira quinhentista em Abiúl (Pombal) - a nossa primeira feira medieval, vestidas a rigor -, o Bioartes (Pombal), a preparação de kits, de prendas de aniversário personalizadas, e de encomendas, e dois dias de festival @timilha_ (Ilha) onde esgotámos mais de metade dos nossos produtos...os quais ainda nem conseguimos repôr o stock!

como alguns de vós sabem, estamos envolvidas noutras tarefas/trabalhos, alguns com prazos para cumprir...imaginem a roda viva que vai aqui! 😅 mas estamos a tentar ""voltar"" às publicações e partilhas, e a novas criações 🌾

muito obrigada a quem nos (re)encontrou nestes eventos, obrigada pela confiança, pelo carinho, pelos retornos e pelo apoio 💛
voltamos a encontrar-nos, por aí, em breve!"
20250803_DM51x3zidU4_05.jpg,_por_rever,https://www.instagram.com/p/DM51x3zidU4/,2025-08-03,1440,1920,"🌾 julho, mês intenso 🌾
o mês passado foi de uma grande intensidade! desde a feira quinhentista em Abiúl (Pombal) - a nossa primeira feira medieval, vestidas a rigor -, o Bioartes (Pombal), a preparação de kits, de prendas de aniversário personalizadas, e de encomendas, e dois dias de festival @timilha_ (Ilha) onde esgotámos mais de metade dos nossos produtos...os quais ainda nem conseguimos repôr o stock!

como alguns de vós sabem, estamos envolvidas noutras tarefas/trabalhos, alguns com prazos para cumprir...imaginem a roda viva que vai aqui! 😅 mas estamos a tentar ""voltar"" às publicações e partilhas, e a novas criações 🌾

muito obrigada a quem nos (re)encontrou nestes eventos, obrigada pela confiança, pelo carinho, pelos retornos e pelo apoio 💛
voltamos a encontrar-nos, por aí, em breve!"
20250803_DM51x3zidU4_06.jpg,_por_rever,https://www.instagram.com/p/DM51x3zidU4/,2025-08-03,1440,1920,"🌾 julho, mês intenso 🌾
o mês passado foi de uma grande intensidade! desde a feira quinhentista em Abiúl (Pombal) - a nossa primeira feira medieval, vestidas a rigor -, o Bioartes (Pombal), a preparação de kits, de prendas de aniversário personalizadas, e de encomendas, e dois dias de festival @timilha_ (Ilha) onde esgotámos mais de metade dos nossos produtos...os quais ainda nem conseguimos repôr o stock!

como alguns de vós sabem, estamos envolvidas noutras tarefas/trabalhos, alguns com prazos para cumprir...imaginem a roda viva que vai aqui! 😅 mas estamos a tentar ""voltar"" às publicações e partilhas, e a novas criações 🌾

muito obrigada a quem nos (re)encontrou nestes eventos, obrigada pela confiança, pelo carinho, pelos retornos e pelo apoio 💛
voltamos a encontrar-nos, por aí, em breve!"
20250803_DM51x3zidU4_07.jpg,_por_rever,https://www.instagram.com/p/DM51x3zidU4/,2025-08-03,1440,1920,"🌾 julho, mês intenso 🌾
o mês passado foi de uma grande intensidade! desde a feira quinhentista em Abiúl (Pombal) - a nossa primeira feira medieval, vestidas a rigor -, o Bioartes (Pombal), a preparação de kits, de prendas de aniversário personalizadas, e de encomendas, e dois dias de festival @timilha_ (Ilha) onde esgotámos mais de metade dos nossos produtos...os quais ainda nem conseguimos repôr o stock!

como alguns de vós sabem, estamos envolvidas noutras tarefas/trabalhos, alguns com prazos para cumprir...imaginem a roda viva que vai aqui! 😅 mas estamos a tentar ""voltar"" às publicações e partilhas, e a novas criações 🌾

muito obrigada a quem nos (re)encontrou nestes eventos, obrigada pela confiança, pelo carinho, pelos retornos e pelo apoio 💛
voltamos a encontrar-nos, por aí, em breve!"
20250925_DPB64v9CAfr_01.jpg,Velas | Roll-on,https://www.instagram.com/p/DPB64v9CAfr/,2025-09-25,1440,1920,"🍃 encomenda personalizada 🍃
durante o fim-de-semana foi-nos feito um pedido especial: 
🍃 a preparação de um roll-on terapêutico exclusivamente com óleo essencial de eucalipto 
🍃 a criação de uma vela com cera de soja em casca de côco natural com óleo essencial de eucalipto e uma decoração simples que tivesse...uma folha de eucalipto 😉
não fossem os clientes amantes do aroma refrescante e medicinal do eucalipto! 😁

desafio recebido, e encomenda entregue, ficaram muito felizes com o resultado final e nós, muito felizes por concretizar o pedido 💚
muito obrigada mais uma vez pela confiança!"
20250925_DPB64v9CAfr_02.jpg,Velas | Roll-on,https://www.instagram.com/p/DPB64v9CAfr/,2025-09-25,1440,1920,"🍃 encomenda personalizada 🍃
durante o fim-de-semana foi-nos feito um pedido especial: 
🍃 a preparação de um roll-on terapêutico exclusivamente com óleo essencial de eucalipto 
🍃 a criação de uma vela com cera de soja em casca de côco natural com óleo essencial de eucalipto e uma decoração simples que tivesse...uma folha de eucalipto 😉
não fossem os clientes amantes do aroma refrescante e medicinal do eucalipto! 😁

desafio recebido, e encomenda entregue, ficaram muito felizes com o resultado final e nós, muito felizes por concretizar o pedido 💚
muito obrigada mais uma vez pela confiança!"
20250925_DPB64v9CAfr_03.jpg,Velas | Roll-on,https://www.instagram.com/p/DPB64v9CAfr/,2025-09-25,1440,1920,"🍃 encomenda personalizada 🍃
durante o fim-de-semana foi-nos feito um pedido especial: 
🍃 a preparação de um roll-on terapêutico exclusivamente com óleo essencial de eucalipto 
🍃 a criação de uma vela com cera de soja em casca de côco natural com óleo essencial de eucalipto e uma decoração simples que tivesse...uma folha de eucalipto 😉
não fossem os clientes amantes do aroma refrescante e medicinal do eucalipto! 😁

desafio recebido, e encomenda entregue, ficaram muito felizes com o resultado final e nós, muito felizes por concretizar o pedido 💚
muito obrigada mais uma vez pela confiança!"
20250925_DPB64v9CAfr_04.jpg,Velas | Roll-on,https://www.instagram.com/p/DPB64v9CAfr/,2025-09-25,1440,1920,"🍃 encomenda personalizada 🍃
durante o fim-de-semana foi-nos feito um pedido especial: 
🍃 a preparação de um roll-on terapêutico exclusivamente com óleo essencial de eucalipto 
🍃 a criação de uma vela com cera de soja em casca de côco natural com óleo essencial de eucalipto e uma decoração simples que tivesse...uma folha de eucalipto 😉
não fossem os clientes amantes do aroma refrescante e medicinal do eucalipto! 😁

desafio recebido, e encomenda entregue, ficaram muito felizes com o resultado final e nós, muito felizes por concretizar o pedido 💚
muito obrigada mais uma vez pela confiança!"
20250925_DPB64v9CAfr_05.jpg,Velas | Roll-on,https://www.instagram.com/p/DPB64v9CAfr/,2025-09-25,1440,1920,"🍃 encomenda personalizada 🍃
durante o fim-de-semana foi-nos feito um pedido especial: 
🍃 a preparação de um roll-on terapêutico exclusivamente com óleo essencial de eucalipto 
🍃 a criação de uma vela com cera de soja em casca de côco natural com óleo essencial de eucalipto e uma decoração simples que tivesse...uma folha de eucalipto 😉
não fossem os clientes amantes do aroma refrescante e medicinal do eucalipto! 😁

desafio recebido, e encomenda entregue, ficaram muito felizes com o resultado final e nós, muito felizes por concretizar o pedido 💚
muito obrigada mais uma vez pela confiança!"
20250704_DLsM-XAiN-l_01.jpg,Velas | Outros,https://www.instagram.com/p/DLsM-XAiN-l/,2025-07-04,1440,1801,"🏵 lembranças de final de ano letivo {1/2} 🏵
esta encomenda foi-nos feita para presentear os professores e educadores do Centro Escolar de Lorvão (Coimbra): 
• 5 velas de cera vegetal de soja, com a mistura dos óleos essenciais de limão e erva-príncipe, para um aroma cítrico e fresco, e uma decoração natural adequada ao aroma
• 5 frascos com 4 ambientadores: lavanda, ylang-ylang, hortelã-pimenta e bergamota (cada um etiquetado com o nome do óleo essencial)

para cada frasco foi criada uma etiqueta personalizada com o nome do professor/a ou educadora, e com cores que estivessem em harmonia com a decoração 🏵

estas lembranças já foram entregues na passada sexta-feira e foram um sucesso! muito obrigada por confiarem em nós para celebrarem os vossos momentos felizes 🧡

📩 envia-nos uma mensagem para encomendar!"
20250704_DLsM-XAiN-l_02.jpg,Velas | Outros,https://www.instagram.com/p/DLsM-XAiN-l/,2025-07-04,1440,1801,"🏵 lembranças de final de ano letivo {1/2} 🏵
esta encomenda foi-nos feita para presentear os professores e educadores do Centro Escolar de Lorvão (Coimbra): 
• 5 velas de cera vegetal de soja, com a mistura dos óleos essenciais de limão e erva-príncipe, para um aroma cítrico e fresco, e uma decoração natural adequada ao aroma
• 5 frascos com 4 ambientadores: lavanda, ylang-ylang, hortelã-pimenta e bergamota (cada um etiquetado com o nome do óleo essencial)

para cada frasco foi criada uma etiqueta personalizada com o nome do professor/a ou educadora, e com cores que estivessem em harmonia com a decoração 🏵

estas lembranças já foram entregues na passada sexta-feira e foram um sucesso! muito obrigada por confiarem em nós para celebrarem os vossos momentos felizes 🧡

📩 envia-nos uma mensagem para encomendar!"
20250704_DLsM-XAiN-l_03.jpg,Velas | Outros,https://www.instagram.com/p/DLsM-XAiN-l/,2025-07-04,1440,1801,"🏵 lembranças de final de ano letivo {1/2} 🏵
esta encomenda foi-nos feita para presentear os professores e educadores do Centro Escolar de Lorvão (Coimbra): 
• 5 velas de cera vegetal de soja, com a mistura dos óleos essenciais de limão e erva-príncipe, para um aroma cítrico e fresco, e uma decoração natural adequada ao aroma
• 5 frascos com 4 ambientadores: lavanda, ylang-ylang, hortelã-pimenta e bergamota (cada um etiquetado com o nome do óleo essencial)

para cada frasco foi criada uma etiqueta personalizada com o nome do professor/a ou educadora, e com cores que estivessem em harmonia com a decoração 🏵

estas lembranças já foram entregues na passada sexta-feira e foram um sucesso! muito obrigada por confiarem em nós para celebrarem os vossos momentos felizes 🧡

📩 envia-nos uma mensagem para encomendar!"
20250704_DLsM-XAiN-l_04.jpg,Velas | Outros,https://www.instagram.com/p/DLsM-XAiN-l/,2025-07-04,1440,1801,"🏵 lembranças de final de ano letivo {1/2} 🏵
esta encomenda foi-nos feita para presentear os professores e educadores do Centro Escolar de Lorvão (Coimbra): 
• 5 velas de cera vegetal de soja, com a mistura dos óleos essenciais de limão e erva-príncipe, para um aroma cítrico e fresco, e uma decoração natural adequada ao aroma
• 5 frascos com 4 ambientadores: lavanda, ylang-ylang, hortelã-pimenta e bergamota (cada um etiquetado com o nome do óleo essencial)

para cada frasco foi criada uma etiqueta personalizada com o nome do professor/a ou educadora, e com cores que estivessem em harmonia com a decoração 🏵

estas lembranças já foram entregues na passada sexta-feira e foram um sucesso! muito obrigada por confiarem em nós para celebrarem os vossos momentos felizes 🧡

📩 envia-nos uma mensagem para encomendar!"
20250704_DLsM-XAiN-l_05.jpg,Velas | Outros,https://www.instagram.com/p/DLsM-XAiN-l/,2025-07-04,1440,1801,"🏵 lembranças de final de ano letivo {1/2} 🏵
esta encomenda foi-nos feita para presentear os professores e educadores do Centro Escolar de Lorvão (Coimbra): 
• 5 velas de cera vegetal de soja, com a mistura dos óleos essenciais de limão e erva-príncipe, para um aroma cítrico e fresco, e uma decoração natural adequada ao aroma
• 5 frascos com 4 ambientadores: lavanda, ylang-ylang, hortelã-pimenta e bergamota (cada um etiquetado com o nome do óleo essencial)

para cada frasco foi criada uma etiqueta personalizada com o nome do professor/a ou educadora, e com cores que estivessem em harmonia com a decoração 🏵

estas lembranças já foram entregues na passada sexta-feira e foram um sucesso! muito obrigada por confiarem em nós para celebrarem os vossos momentos felizes 🧡

📩 envia-nos uma mensagem para encomendar!"
20250704_DLsM-XAiN-l_06.jpg,Velas | Outros,https://www.instagram.com/p/DLsM-XAiN-l/,2025-07-04,1440,1801,"🏵 lembranças de final de ano letivo {1/2} 🏵
esta encomenda foi-nos feita para presentear os professores e educadores do Centro Escolar de Lorvão (Coimbra): 
• 5 velas de cera vegetal de soja, com a mistura dos óleos essenciais de limão e erva-príncipe, para um aroma cítrico e fresco, e uma decoração natural adequada ao aroma
• 5 frascos com 4 ambientadores: lavanda, ylang-ylang, hortelã-pimenta e bergamota (cada um etiquetado com o nome do óleo essencial)

para cada frasco foi criada uma etiqueta personalizada com o nome do professor/a ou educadora, e com cores que estivessem em harmonia com a decoração 🏵

estas lembranças já foram entregues na passada sexta-feira e foram um sucesso! muito obrigada por confiarem em nós para celebrarem os vossos momentos felizes 🧡

📩 envia-nos uma mensagem para encomendar!"
20251008_DPjd_paAn1S_01.jpg,Velas,https://www.instagram.com/p/DPjd_paAn1S/,2025-10-08,1440,1920,"🌸 vela natural em copo de vidro {1/2} 🌸
esta vela foi-nos encomendada, a partir da escolha do copo...a partir daí, tivemos total liberdade tanto para o aroma como para a decoração.
optámos por usar o óleo essencial de ylang-ylang, que equilibra na perfeição um aroma floral com um aroma levemente cítrico, que ajuda a acalmar e a aumentar o ânimo.
escolhemos uma decoração natural e romântica para combinar tanto com o aroma como com o rosa clarinho do vidro.

também gostam do resultado?

obrigada pela confiança 💖"
20251008_DPjd_paAn1S_02.jpg,Velas,https://www.instagram.com/p/DPjd_paAn1S/,2025-10-08,1440,1920,"🌸 vela natural em copo de vidro {1/2} 🌸
esta vela foi-nos encomendada, a partir da escolha do copo...a partir daí, tivemos total liberdade tanto para o aroma como para a decoração.
optámos por usar o óleo essencial de ylang-ylang, que equilibra na perfeição um aroma floral com um aroma levemente cítrico, que ajuda a acalmar e a aumentar o ânimo.
escolhemos uma decoração natural e romântica para combinar tanto com o aroma como com o rosa clarinho do vidro.

também gostam do resultado?

obrigada pela confiança 💖"
20250716_DMKid1_i2LT_01.jpg,Velas | Roll-on | Sais de Banho | Outros,https://www.instagram.com/p/DMKid1_i2LT/,2025-07-16,640,1136,"🪻feliz aniversário🪻
como miminho de aniversário, ontem entregámos mais um conjunto de produtos naturais, especialmente criados para relaxar: um frasco de sais de banho, uma vela de massagem, um roll-on terapêutico e uma vela ambiente (a escolha do aroma foi deixada ao nosso critério e, conhecendo a pessoa, optámos pela deliciosa mistura de laranja doce e lavanda) 🧡

juntámos 3 ambientadores (hortelã-pimenta, laranja/lavanda e limão/erva-príncipe) de oferta e um ""manual de instruções"" com algumas dicas de utilização do kit numa caixinha artesanal

gratas por escolherem os nossos produtos para celebrar os vossos momentos especiais 💜"
20250121_DFGS3JIN3ug_01.jpg,Velas,https://www.instagram.com/p/DFGS3JIN3ug/,2025-01-21,1440,1800,"gostamos tanto tanto tanto dos vossos feedbacks!
sentimo-nos tão gratas quando partilham connosco a recepção das vossas encomendas, o que sentem ao recebê-las e o que acham dos nossos produtos e das nossas criações:

• uma das 10 velas feitas em taça de barro e criadas com os óleos essenciais de laranja e canela, que viajaram até França, junto ao pinheiro de natal, na casa da nossa cliente;
• as várias mensagens que nos enviou: um grande obrigada pelo extraordinário trabalho, acrescentando que adorou e que tudo cheira tão bem 🥰🙏

nós é que vos agradecemos por tanto carinho e confiança! ❣️"
20250121_DFGS3JIN3ug_02.jpg,Velas,https://www.instagram.com/p/DFGS3JIN3ug/,2025-01-21,1440,1800,"gostamos tanto tanto tanto dos vossos feedbacks!
sentimo-nos tão gratas quando partilham connosco a recepção das vossas encomendas, o que sentem ao recebê-las e o que acham dos nossos produtos e das nossas criações:

• uma das 10 velas feitas em taça de barro e criadas com os óleos essenciais de laranja e canela, que viajaram até França, junto ao pinheiro de natal, na casa da nossa cliente;
• as várias mensagens que nos enviou: um grande obrigada pelo extraordinário trabalho, acrescentando que adorou e que tudo cheira tão bem 🥰🙏

nós é que vos agradecemos por tanto carinho e confiança! ❣️"
20250303_DGvn_zZCQmx_01.jpg,Velas,https://www.instagram.com/p/DGvn_zZCQmx/,2025-03-03,1440,1440,"✨️ velas terapêuticas personalizadas ✨️
reutilizando potes de barro, foram criadas estas duas velas de cera de soja natural e óleos essenciais: uma com a mistura de limão e de gengibre, e outra com tangerina.
voaram até Colômbia com uma pequena mensagem escrita, desejando um novo ano feliz (e luminoso) 💛

obrigada pelo vosso carinho ✨️

📩 envia mensagem privada para encomendar!"
20250303_DGvn_zZCQmx_02.jpg,Velas,https://www.instagram.com/p/DGvn_zZCQmx/,2025-03-03,1440,1440,"✨️ velas terapêuticas personalizadas ✨️
reutilizando potes de barro, foram criadas estas duas velas de cera de soja natural e óleos essenciais: uma com a mistura de limão e de gengibre, e outra com tangerina.
voaram até Colômbia com uma pequena mensagem escrita, desejando um novo ano feliz (e luminoso) 💛

obrigada pelo vosso carinho ✨️

📩 envia mensagem privada para encomendar!"
20250303_DGvn_zZCQmx_03.jpg,Velas,https://www.instagram.com/p/DGvn_zZCQmx/,2025-03-03,1440,1440,"✨️ velas terapêuticas personalizadas ✨️
reutilizando potes de barro, foram criadas estas duas velas de cera de soja natural e óleos essenciais: uma com a mistura de limão e de gengibre, e outra com tangerina.
voaram até Colômbia com uma pequena mensagem escrita, desejando um novo ano feliz (e luminoso) 💛

obrigada pelo vosso carinho ✨️

📩 envia mensagem privada para encomendar!"
20250303_DGvn_zZCQmx_04.jpg,Velas,https://www.instagram.com/p/DGvn_zZCQmx/,2025-03-03,1440,1440,"✨️ velas terapêuticas personalizadas ✨️
reutilizando potes de barro, foram criadas estas duas velas de cera de soja natural e óleos essenciais: uma com a mistura de limão e de gengibre, e outra com tangerina.
voaram até Colômbia com uma pequena mensagem escrita, desejando um novo ano feliz (e luminoso) 💛

obrigada pelo vosso carinho ✨️

📩 envia mensagem privada para encomendar!"
20250303_DGvn_zZCQmx_05.jpg,Velas,https://www.instagram.com/p/DGvn_zZCQmx/,2025-03-03,1440,1440,"✨️ velas terapêuticas personalizadas ✨️
reutilizando potes de barro, foram criadas estas duas velas de cera de soja natural e óleos essenciais: uma com a mistura de limão e de gengibre, e outra com tangerina.
voaram até Colômbia com uma pequena mensagem escrita, desejando um novo ano feliz (e luminoso) 💛

obrigada pelo vosso carinho ✨️

📩 envia mensagem privada para encomendar!"
20250303_DGvn_zZCQmx_06.jpg,Velas,https://www.instagram.com/p/DGvn_zZCQmx/,2025-03-03,1440,1440,"✨️ velas terapêuticas personalizadas ✨️
reutilizando potes de barro, foram criadas estas duas velas de cera de soja natural e óleos essenciais: uma com a mistura de limão e de gengibre, e outra com tangerina.
voaram até Colômbia com uma pequena mensagem escrita, desejando um novo ano feliz (e luminoso) 💛

obrigada pelo vosso carinho ✨️

📩 envia mensagem privada para encomendar!"
20250126_DFS9NcPNbuq_01.jpg,Velas,https://www.instagram.com/p/DFS9NcPNbuq/,2025-01-26,640,1136,"✨️ encomenda personalizada ✨️
nesta última época natalícia foram-nos entregues vários objetos pessoais para que os transformássemos em velas únicas e especiais. é, para nós, um grande voto de confiança quando recebemos e cuidamos dos vossos objetos, carregados de histórias e significados tão íntimos...

uma taça e uma caneca, já com alguns anos, transformadas em velas terapêuticas cheias de simbolismo, para oferecer a duas pessoas especiais: uma, com as cores amarela e azul, a lembrar as origens ucranianas; outra, em tons de mar e uns apontamentos florais, a representar a ligação à natureza, ambas com os óleos essenciais de lavanda e palmarosa.

gostámos muito de preparar estes presentes, obrigada pela oportunidade ୭ 

📩 envia mensagem para encomendar!"
20250410_DIR4IR1Cnsc_01.jpg,Outros,https://www.instagram.com/p/DIR4IR1Cnsc/,2025-04-10,1440,1800,"🌱 inaladores terapêuticos 🌱
- mistura de 5 óleos essenciais com propriedades que acalmam e melhoram o sistema respiratório, através de inalação
- indicados para: alergias sazonais, constipações, sinusite, rinite, nariz entupido, etc.
- embalagem reutilizável
- muito prático, para levar na mala ou no bolso e utilizar sempre que necessário 
- 4,50€

📩 envia mensagem para encomendar!"
20250410_DIR4IR1Cnsc_02.jpg,Outros,https://www.instagram.com/p/DIR4IR1Cnsc/,2025-04-10,1440,1800,"🌱 inaladores terapêuticos 🌱
- mistura de 5 óleos essenciais com propriedades que acalmam e melhoram o sistema respiratório, através de inalação
- indicados para: alergias sazonais, constipações, sinusite, rinite, nariz entupido, etc.
- embalagem reutilizável
- muito prático, para levar na mala ou no bolso e utilizar sempre que necessário 
- 4,50€

📩 envia mensagem para encomendar!"
20250410_DIR4IR1Cnsc_03.jpg,Outros,https://www.instagram.com/p/DIR4IR1Cnsc/,2025-04-10,1440,1800,"🌱 inaladores terapêuticos 🌱
- mistura de 5 óleos essenciais com propriedades que acalmam e melhoram o sistema respiratório, através de inalação
- indicados para: alergias sazonais, constipações, sinusite, rinite, nariz entupido, etc.
- embalagem reutilizável
- muito prático, para levar na mala ou no bolso e utilizar sempre que necessário 
- 4,50€

📩 envia mensagem para encomendar!"
20250410_DIR4IR1Cnsc_04.jpg,Outros,https://www.instagram.com/p/DIR4IR1Cnsc/,2025-04-10,1440,1800,"🌱 inaladores terapêuticos 🌱
- mistura de 5 óleos essenciais com propriedades que acalmam e melhoram o sistema respiratório, através de inalação
- indicados para: alergias sazonais, constipações, sinusite, rinite, nariz entupido, etc.
- embalagem reutilizável
- muito prático, para levar na mala ou no bolso e utilizar sempre que necessário 
- 4,50€

📩 envia mensagem para encomendar!"
20250410_DIR4IR1Cnsc_05.jpg,Outros,https://www.instagram.com/p/DIR4IR1Cnsc/,2025-04-10,1440,1800,"🌱 inaladores terapêuticos 🌱
- mistura de 5 óleos essenciais com propriedades que acalmam e melhoram o sistema respiratório, através de inalação
- indicados para: alergias sazonais, constipações, sinusite, rinite, nariz entupido, etc.
- embalagem reutilizável
- muito prático, para levar na mala ou no bolso e utilizar sempre que necessário 
- 4,50€

📩 envia mensagem para encomendar!"
20250428_DI_Ky4cC1ZG_01.jpg,Roll-on | Outros,https://www.instagram.com/p/DI_Ky4cC1ZG/,2025-04-28,1440,1800,"🪷 kit ""eu cuido do meu nariz"" 🪷 
conjunto composto por:
• um roll-on terapêutico ""respiratório""
• um inalador terapêutico
• um bálsamo hidratante em boião
• uma bolsinha artesanal, de algodão hipoalergénico, feita em crochet por @graziecanela 

leva na tua mala este kit para usares sempre que sentires comichão por causa daquela alergia sazonal, quando sentires os primeiros sinais daquela sinusite ou rinite, quando estiveres constipada e com o nariz entupido, etc...

inspira os óleos essenciais do inalador, massaja a zona abaixo dos olhos/testa com o roll-on, e se tiveres alguma irritação nas narinas por causa dos lenços, aplica o bálsamo...guarda tudo na bolsinha para ser mais fácil encontrares todos os teus produtos SOS 🪷
(e quando os produtos acabarem, fala connosco para voltarmos a encher as embalagens)

21€

📩 envia mensagem para encomendar!"
20250428_DI_Ky4cC1ZG_02.jpg,Roll-on | Outros,https://www.instagram.com/p/DI_Ky4cC1ZG/,2025-04-28,1440,1800,"🪷 kit ""eu cuido do meu nariz"" 🪷 
conjunto composto por:
• um roll-on terapêutico ""respiratório""
• um inalador terapêutico
• um bálsamo hidratante em boião
• uma bolsinha artesanal, de algodão hipoalergénico, feita em crochet por @graziecanela 

leva na tua mala este kit para usares sempre que sentires comichão por causa daquela alergia sazonal, quando sentires os primeiros sinais daquela sinusite ou rinite, quando estiveres constipada e com o nariz entupido, etc...

inspira os óleos essenciais do inalador, massaja a zona abaixo dos olhos/testa com o roll-on, e se tiveres alguma irritação nas narinas por causa dos lenços, aplica o bálsamo...guarda tudo na bolsinha para ser mais fácil encontrares todos os teus produtos SOS 🪷
(e quando os produtos acabarem, fala connosco para voltarmos a encher as embalagens)

21€

📩 envia mensagem para encomendar!"
20250428_DI_Ky4cC1ZG_03.jpg,Roll-on | Outros,https://www.instagram.com/p/DI_Ky4cC1ZG/,2025-04-28,1440,1800,"🪷 kit ""eu cuido do meu nariz"" 🪷 
conjunto composto por:
• um roll-on terapêutico ""respiratório""
• um inalador terapêutico
• um bálsamo hidratante em boião
• uma bolsinha artesanal, de algodão hipoalergénico, feita em crochet por @graziecanela 

leva na tua mala este kit para usares sempre que sentires comichão por causa daquela alergia sazonal, quando sentires os primeiros sinais daquela sinusite ou rinite, quando estiveres constipada e com o nariz entupido, etc...

inspira os óleos essenciais do inalador, massaja a zona abaixo dos olhos/testa com o roll-on, e se tiveres alguma irritação nas narinas por causa dos lenços, aplica o bálsamo...guarda tudo na bolsinha para ser mais fácil encontrares todos os teus produtos SOS 🪷
(e quando os produtos acabarem, fala connosco para voltarmos a encher as embalagens)

21€

📩 envia mensagem para encomendar!"
20250428_DI_Ky4cC1ZG_04.jpg,Roll-on | Outros,https://www.instagram.com/p/DI_Ky4cC1ZG/,2025-04-28,1440,1800,"🪷 kit ""eu cuido do meu nariz"" 🪷 
conjunto composto por:
• um roll-on terapêutico ""respiratório""
• um inalador terapêutico
• um bálsamo hidratante em boião
• uma bolsinha artesanal, de algodão hipoalergénico, feita em crochet por @graziecanela 

leva na tua mala este kit para usares sempre que sentires comichão por causa daquela alergia sazonal, quando sentires os primeiros sinais daquela sinusite ou rinite, quando estiveres constipada e com o nariz entupido, etc...

inspira os óleos essenciais do inalador, massaja a zona abaixo dos olhos/testa com o roll-on, e se tiveres alguma irritação nas narinas por causa dos lenços, aplica o bálsamo...guarda tudo na bolsinha para ser mais fácil encontrares todos os teus produtos SOS 🪷
(e quando os produtos acabarem, fala connosco para voltarmos a encher as embalagens)

21€

📩 envia mensagem para encomendar!"
20250428_DI_3RQ9C5vr_01.jpg,Velas | Roll-on | Sais de Banho | Outros,https://www.instagram.com/p/DI_3RQ9C5vr/,2025-04-28,1440,1799,"🪷 kit ""eu cuido de mim"" 🪷
conjunto composto por:
• 1 frasco grande de sais marinhos relaxantes, com flores secas e óleos essenciais (para banho ou escalda-pés)
• 1 vela ambiente (óleo essencial à escolha)
• 1 roll-on terapêutico ""relax""
• 1 saquinho com dois ambientadores/ceras aromáticas (óleo essencial à escolha)

oferta de uma caixa artesanal, reutilizável e sustentável, feita à mão (à escolha, consoante o stock disponível) 🪷

18,50€"
20250428_DI_3RQ9C5vr_02.jpg,Velas | Roll-on | Sais de Banho | Outros,https://www.instagram.com/p/DI_3RQ9C5vr/,2025-04-28,1440,1800,"🪷 kit ""eu cuido de mim"" 🪷
conjunto composto por:
• 1 frasco grande de sais marinhos relaxantes, com flores secas e óleos essenciais (para banho ou escalda-pés)
• 1 vela ambiente (óleo essencial à escolha)
• 1 roll-on terapêutico ""relax""
• 1 saquinho com dois ambientadores/ceras aromáticas (óleo essencial à escolha)

oferta de uma caixa artesanal, reutilizável e sustentável, feita à mão (à escolha, consoante o stock disponível) 🪷

18,50€"
20250428_DI_3RQ9C5vr_03.jpg,Velas | Roll-on | Sais de Banho | Outros,https://www.instagram.com/p/DI_3RQ9C5vr/,2025-04-28,1440,1799,"🪷 kit ""eu cuido de mim"" 🪷
conjunto composto por:
• 1 frasco grande de sais marinhos relaxantes, com flores secas e óleos essenciais (para banho ou escalda-pés)
• 1 vela ambiente (óleo essencial à escolha)
• 1 roll-on terapêutico ""relax""
• 1 saquinho com dois ambientadores/ceras aromáticas (óleo essencial à escolha)

oferta de uma caixa artesanal, reutilizável e sustentável, feita à mão (à escolha, consoante o stock disponível) 🪷

18,50€"
20250211_DF8yfDmCmhF_01.jpg,Velas | Roll-on | Outros,https://www.instagram.com/p/DF8yfDmCmhF/,2025-02-11,1440,1800,"✨️ encomenda ano novo ✨️
logo a começar o ano, recebemos este pedido de uma amiga que, apesar de longe em distância, apoia-nos desde o início. mais uma vez, escolheu os produtos e as criações lucrescente para presentear as suas alunas:

• 8 velas terapêuticas em casca de côco natural - 4 velas com os óleos essenciais de lavanda e bergamota e 4 velas com os óleos essenciais de erva-príncipe e gengibre;
• 8 conjuntos de 3 ambientadores/ceras: óleos essenciais de lavanda/palmarosa, gengibre e limão/hortelã-pimenta;
• 2 roll-ons ""relax""

em cada vela foi escrita uma pequena mensagem ""be the light in 2025"" (sê luz em 2025), e em cada ambientador/cera foi colocada uma pequena etiqueta para identificar o aroma.

mais uma vez, foi com muito gosto e carinho que preparámos estes conjuntos que voaram até Qatar! obrigada 💛

📩 envia mensagem para encomendar!"
20250211_DF8yfDmCmhF_02.jpg,Velas | Roll-on | Outros,https://www.instagram.com/p/DF8yfDmCmhF/,2025-02-11,1440,1800,"✨️ encomenda ano novo ✨️
logo a começar o ano, recebemos este pedido de uma amiga que, apesar de longe em distância, apoia-nos desde o início. mais uma vez, escolheu os produtos e as criações lucrescente para presentear as suas alunas:

• 8 velas terapêuticas em casca de côco natural - 4 velas com os óleos essenciais de lavanda e bergamota e 4 velas com os óleos essenciais de erva-príncipe e gengibre;
• 8 conjuntos de 3 ambientadores/ceras: óleos essenciais de lavanda/palmarosa, gengibre e limão/hortelã-pimenta;
• 2 roll-ons ""relax""

em cada vela foi escrita uma pequena mensagem ""be the light in 2025"" (sê luz em 2025), e em cada ambientador/cera foi colocada uma pequena etiqueta para identificar o aroma.

mais uma vez, foi com muito gosto e carinho que preparámos estes conjuntos que voaram até Qatar! obrigada 💛

📩 envia mensagem para encomendar!"
20250211_DF8yfDmCmhF_03.jpg,Velas | Roll-on | Outros,https://www.instagram.com/p/DF8yfDmCmhF/,2025-02-11,1440,1800,"✨️ encomenda ano novo ✨️
logo a começar o ano, recebemos este pedido de uma amiga que, apesar de longe em distância, apoia-nos desde o início. mais uma vez, escolheu os produtos e as criações lucrescente para presentear as suas alunas:

• 8 velas terapêuticas em casca de côco natural - 4 velas com os óleos essenciais de lavanda e bergamota e 4 velas com os óleos essenciais de erva-príncipe e gengibre;
• 8 conjuntos de 3 ambientadores/ceras: óleos essenciais de lavanda/palmarosa, gengibre e limão/hortelã-pimenta;
• 2 roll-ons ""relax""

em cada vela foi escrita uma pequena mensagem ""be the light in 2025"" (sê luz em 2025), e em cada ambientador/cera foi colocada uma pequena etiqueta para identificar o aroma.

mais uma vez, foi com muito gosto e carinho que preparámos estes conjuntos que voaram até Qatar! obrigada 💛

📩 envia mensagem para encomendar!"
20250211_DF8yfDmCmhF_04.jpg,Velas | Roll-on | Outros,https://www.instagram.com/p/DF8yfDmCmhF/,2025-02-11,1440,1800,"✨️ encomenda ano novo ✨️
logo a começar o ano, recebemos este pedido de uma amiga que, apesar de longe em distância, apoia-nos desde o início. mais uma vez, escolheu os produtos e as criações lucrescente para presentear as suas alunas:

• 8 velas terapêuticas em casca de côco natural - 4 velas com os óleos essenciais de lavanda e bergamota e 4 velas com os óleos essenciais de erva-príncipe e gengibre;
• 8 conjuntos de 3 ambientadores/ceras: óleos essenciais de lavanda/palmarosa, gengibre e limão/hortelã-pimenta;
• 2 roll-ons ""relax""

em cada vela foi escrita uma pequena mensagem ""be the light in 2025"" (sê luz em 2025), e em cada ambientador/cera foi colocada uma pequena etiqueta para identificar o aroma.

mais uma vez, foi com muito gosto e carinho que preparámos estes conjuntos que voaram até Qatar! obrigada 💛

📩 envia mensagem para encomendar!"
20250211_DF8yfDmCmhF_05.jpg,Velas | Roll-on | Outros,https://www.instagram.com/p/DF8yfDmCmhF/,2025-02-11,1440,1800,"✨️ encomenda ano novo ✨️
logo a começar o ano, recebemos este pedido de uma amiga que, apesar de longe em distância, apoia-nos desde o início. mais uma vez, escolheu os produtos e as criações lucrescente para presentear as suas alunas:

• 8 velas terapêuticas em casca de côco natural - 4 velas com os óleos essenciais de lavanda e bergamota e 4 velas com os óleos essenciais de erva-príncipe e gengibre;
• 8 conjuntos de 3 ambientadores/ceras: óleos essenciais de lavanda/palmarosa, gengibre e limão/hortelã-pimenta;
• 2 roll-ons ""relax""

em cada vela foi escrita uma pequena mensagem ""be the light in 2025"" (sê luz em 2025), e em cada ambientador/cera foi colocada uma pequena etiqueta para identificar o aroma.

mais uma vez, foi com muito gosto e carinho que preparámos estes conjuntos que voaram até Qatar! obrigada 💛

📩 envia mensagem para encomendar!"
20250211_DF8yfDmCmhF_06.jpg,Velas | Roll-on | Outros,https://www.instagram.com/p/DF8yfDmCmhF/,2025-02-11,1440,1800,"✨️ encomenda ano novo ✨️
logo a começar o ano, recebemos este pedido de uma amiga que, apesar de longe em distância, apoia-nos desde o início. mais uma vez, escolheu os produtos e as criações lucrescente para presentear as suas alunas:

• 8 velas terapêuticas em casca de côco natural - 4 velas com os óleos essenciais de lavanda e bergamota e 4 velas com os óleos essenciais de erva-príncipe e gengibre;
• 8 conjuntos de 3 ambientadores/ceras: óleos essenciais de lavanda/palmarosa, gengibre e limão/hortelã-pimenta;
• 2 roll-ons ""relax""

em cada vela foi escrita uma pequena mensagem ""be the light in 2025"" (sê luz em 2025), e em cada ambientador/cera foi colocada uma pequena etiqueta para identificar o aroma.

mais uma vez, foi com muito gosto e carinho que preparámos estes conjuntos que voaram até Qatar! obrigada 💛

📩 envia mensagem para encomendar!"
20250211_DF8yfDmCmhF_07.jpg,Velas | Roll-on | Outros,https://www.instagram.com/p/DF8yfDmCmhF/,2025-02-11,1440,1800,"✨️ encomenda ano novo ✨️
logo a começar o ano, recebemos este pedido de uma amiga que, apesar de longe em distância, apoia-nos desde o início. mais uma vez, escolheu os produtos e as criações lucrescente para presentear as suas alunas:

• 8 velas terapêuticas em casca de côco natural - 4 velas com os óleos essenciais de lavanda e bergamota e 4 velas com os óleos essenciais de erva-príncipe e gengibre;
• 8 conjuntos de 3 ambientadores/ceras: óleos essenciais de lavanda/palmarosa, gengibre e limão/hortelã-pimenta;
• 2 roll-ons ""relax""

em cada vela foi escrita uma pequena mensagem ""be the light in 2025"" (sê luz em 2025), e em cada ambientador/cera foi colocada uma pequena etiqueta para identificar o aroma.

mais uma vez, foi com muito gosto e carinho que preparámos estes conjuntos que voaram até Qatar! obrigada 💛

📩 envia mensagem para encomendar!"
20250119_DFDp12SNqyl_01.jpg,Velas | Outros,https://www.instagram.com/p/DFDp12SNqyl/,2025-01-19,1440,1800,"🎄 encomenda de natal 2024 🎄
• 10 velas de cera de soja natural, em taças de barro reutilizadas, pavios de algodão e óleos essenciais de laranja e canela, para um aroma bem natalício;
• 2 conjuntos de 15 ambientadores de cera de soja natural e óleos essenciais de laranja e canela, em caixinhas de madeira.

encomenda personalizada com pequenos cartões feitos à mão, preparada com atenção e cuidado, e enviada para França. muito obrigada pela confiança ❣️

📩 envia mensagem para encomendar!"
20250119_DFDp12SNqyl_02.jpg,Velas | Outros,https://www.instagram.com/p/DFDp12SNqyl/,2025-01-19,1440,1800,"🎄 encomenda de natal 2024 🎄
• 10 velas de cera de soja natural, em taças de barro reutilizadas, pavios de algodão e óleos essenciais de laranja e canela, para um aroma bem natalício;
• 2 conjuntos de 15 ambientadores de cera de soja natural e óleos essenciais de laranja e canela, em caixinhas de madeira.

encomenda personalizada com pequenos cartões feitos à mão, preparada com atenção e cuidado, e enviada para França. muito obrigada pela confiança ❣️

📩 envia mensagem para encomendar!"
20250119_DFDp12SNqyl_03.jpg,Velas | Outros,https://www.instagram.com/p/DFDp12SNqyl/,2025-01-19,1440,1800,"🎄 encomenda de natal 2024 🎄
• 10 velas de cera de soja natural, em taças de barro reutilizadas, pavios de algodão e óleos essenciais de laranja e canela, para um aroma bem natalício;
• 2 conjuntos de 15 ambientadores de cera de soja natural e óleos essenciais de laranja e canela, em caixinhas de madeira.

encomenda personalizada com pequenos cartões feitos à mão, preparada com atenção e cuidado, e enviada para França. muito obrigada pela confiança ❣️

📩 envia mensagem para encomendar!"
20250119_DFDp12SNqyl_04.jpg,Velas | Outros,https://www.instagram.com/p/DFDp12SNqyl/,2025-01-19,1440,1800,"🎄 encomenda de natal 2024 🎄
• 10 velas de cera de soja natural, em taças de barro reutilizadas, pavios de algodão e óleos essenciais de laranja e canela, para um aroma bem natalício;
• 2 conjuntos de 15 ambientadores de cera de soja natural e óleos essenciais de laranja e canela, em caixinhas de madeira.

encomenda personalizada com pequenos cartões feitos à mão, preparada com atenção e cuidado, e enviada para França. muito obrigada pela confiança ❣️

📩 envia mensagem para encomendar!"
20250119_DFDp12SNqyl_05.jpg,Velas | Outros,https://www.instagram.com/p/DFDp12SNqyl/,2025-01-19,1440,1800,"🎄 encomenda de natal 2024 🎄
• 10 velas de cera de soja natural, em taças de barro reutilizadas, pavios de algodão e óleos essenciais de laranja e canela, para um aroma bem natalício;
• 2 conjuntos de 15 ambientadores de cera de soja natural e óleos essenciais de laranja e canela, em caixinhas de madeira.

encomenda personalizada com pequenos cartões feitos à mão, preparada com atenção e cuidado, e enviada para França. muito obrigada pela confiança ❣️

📩 envia mensagem para encomendar!"
20250119_DFDp12SNqyl_06.jpg,Velas | Outros,https://www.instagram.com/p/DFDp12SNqyl/,2025-01-19,1440,1800,"🎄 encomenda de natal 2024 🎄
• 10 velas de cera de soja natural, em taças de barro reutilizadas, pavios de algodão e óleos essenciais de laranja e canela, para um aroma bem natalício;
• 2 conjuntos de 15 ambientadores de cera de soja natural e óleos essenciais de laranja e canela, em caixinhas de madeira.

encomenda personalizada com pequenos cartões feitos à mão, preparada com atenção e cuidado, e enviada para França. muito obrigada pela confiança ❣️

📩 envia mensagem para encomendar!"
20250119_DFDp12SNqyl_07.jpg,Velas | Outros,https://www.instagram.com/p/DFDp12SNqyl/,2025-01-19,1440,1800,"🎄 encomenda de natal 2024 🎄
• 10 velas de cera de soja natural, em taças de barro reutilizadas, pavios de algodão e óleos essenciais de laranja e canela, para um aroma bem natalício;
• 2 conjuntos de 15 ambientadores de cera de soja natural e óleos essenciais de laranja e canela, em caixinhas de madeira.

encomenda personalizada com pequenos cartões feitos à mão, preparada com atenção e cuidado, e enviada para França. muito obrigada pela confiança ❣️

📩 envia mensagem para encomendar!"
20250119_DFDp12SNqyl_08.jpg,Velas | Outros,https://www.instagram.com/p/DFDp12SNqyl/,2025-01-19,1440,1800,"🎄 encomenda de natal 2024 🎄
• 10 velas de cera de soja natural, em taças de barro reutilizadas, pavios de algodão e óleos essenciais de laranja e canela, para um aroma bem natalício;
• 2 conjuntos de 15 ambientadores de cera de soja natural e óleos essenciais de laranja e canela, em caixinhas de madeira.

encomenda personalizada com pequenos cartões feitos à mão, preparada com atenção e cuidado, e enviada para França. muito obrigada pela confiança ❣️

📩 envia mensagem para encomendar!"
20250208_DF0hMcUiqmL_01.jpg,Velas,https://www.instagram.com/p/DF0hMcUiqmL/,2025-02-08,1440,1800,"🪷 encomenda especial entre irmãs 🪷
ainda durante a época natalícia (sim, ainda estamos a publicar as encomendas dessa altura que foi, felizmente, muito atarefada), uma menina veio falar connosco porque queria presentear a irmã mais velha com uma vela especial. o critério mais importante: ""que tenha uns óleos essenciais que a ajude a concentrar e a acalmar quando estiver a estudar"" 😊

demos a ideia de reutilizar uma caneca de que a irmã gostasse muito, para que a vela fosse ainda mais única! e assim nasceu esta vela tão especial: feita numa caneca que tinha sido ilustrada pela própria irmã mais velha, com uma mensagem querida, uma decoração bem floral e alegre, e os óleos essenciais de limão, laranja e hortelã-pimenta 🍊

obrigada, adorámos preparar esta surpresa! 💛

📩 envia mensagem para encomendar!"
20250208_DF0hMcUiqmL_02.jpg,Velas,https://www.instagram.com/p/DF0hMcUiqmL/,2025-02-08,1440,1800,"🪷 encomenda especial entre irmãs 🪷
ainda durante a época natalícia (sim, ainda estamos a publicar as encomendas dessa altura que foi, felizmente, muito atarefada), uma menina veio falar connosco porque queria presentear a irmã mais velha com uma vela especial. o critério mais importante: ""que tenha uns óleos essenciais que a ajude a concentrar e a acalmar quando estiver a estudar"" 😊

demos a ideia de reutilizar uma caneca de que a irmã gostasse muito, para que a vela fosse ainda mais única! e assim nasceu esta vela tão especial: feita numa caneca que tinha sido ilustrada pela própria irmã mais velha, com uma mensagem querida, uma decoração bem floral e alegre, e os óleos essenciais de limão, laranja e hortelã-pimenta 🍊

obrigada, adorámos preparar esta surpresa! 💛

📩 envia mensagem para encomendar!"
20250208_DF0hMcUiqmL_03.jpg,Velas,https://www.instagram.com/p/DF0hMcUiqmL/,2025-02-08,1440,1800,"🪷 encomenda especial entre irmãs 🪷
ainda durante a época natalícia (sim, ainda estamos a publicar as encomendas dessa altura que foi, felizmente, muito atarefada), uma menina veio falar connosco porque queria presentear a irmã mais velha com uma vela especial. o critério mais importante: ""que tenha uns óleos essenciais que a ajude a concentrar e a acalmar quando estiver a estudar"" 😊

demos a ideia de reutilizar uma caneca de que a irmã gostasse muito, para que a vela fosse ainda mais única! e assim nasceu esta vela tão especial: feita numa caneca que tinha sido ilustrada pela própria irmã mais velha, com uma mensagem querida, uma decoração bem floral e alegre, e os óleos essenciais de limão, laranja e hortelã-pimenta 🍊

obrigada, adorámos preparar esta surpresa! 💛

📩 envia mensagem para encomendar!"
20250208_DF0hMcUiqmL_04.jpg,Velas,https://www.instagram.com/p/DF0hMcUiqmL/,2025-02-08,1440,1800,"🪷 encomenda especial entre irmãs 🪷
ainda durante a época natalícia (sim, ainda estamos a publicar as encomendas dessa altura que foi, felizmente, muito atarefada), uma menina veio falar connosco porque queria presentear a irmã mais velha com uma vela especial. o critério mais importante: ""que tenha uns óleos essenciais que a ajude a concentrar e a acalmar quando estiver a estudar"" 😊

demos a ideia de reutilizar uma caneca de que a irmã gostasse muito, para que a vela fosse ainda mais única! e assim nasceu esta vela tão especial: feita numa caneca que tinha sido ilustrada pela própria irmã mais velha, com uma mensagem querida, uma decoração bem floral e alegre, e os óleos essenciais de limão, laranja e hortelã-pimenta 🍊

obrigada, adorámos preparar esta surpresa! 💛

📩 envia mensagem para encomendar!"
20250208_DF0hMcUiqmL_05.jpg,Velas,https://www.instagram.com/p/DF0hMcUiqmL/,2025-02-08,1440,1800,"🪷 encomenda especial entre irmãs 🪷
ainda durante a época natalícia (sim, ainda estamos a publicar as encomendas dessa altura que foi, felizmente, muito atarefada), uma menina veio falar connosco porque queria presentear a irmã mais velha com uma vela especial. o critério mais importante: ""que tenha uns óleos essenciais que a ajude a concentrar e a acalmar quando estiver a estudar"" 😊

demos a ideia de reutilizar uma caneca de que a irmã gostasse muito, para que a vela fosse ainda mais única! e assim nasceu esta vela tão especial: feita numa caneca que tinha sido ilustrada pela própria irmã mais velha, com uma mensagem querida, uma decoração bem floral e alegre, e os óleos essenciais de limão, laranja e hortelã-pimenta 🍊

obrigada, adorámos preparar esta surpresa! 💛

📩 envia mensagem para encomendar!"
20250208_DF0hMcUiqmL_06.jpg,Velas,https://www.instagram.com/p/DF0hMcUiqmL/,2025-02-08,1440,1800,"🪷 encomenda especial entre irmãs 🪷
ainda durante a época natalícia (sim, ainda estamos a publicar as encomendas dessa altura que foi, felizmente, muito atarefada), uma menina veio falar connosco porque queria presentear a irmã mais velha com uma vela especial. o critério mais importante: ""que tenha uns óleos essenciais que a ajude a concentrar e a acalmar quando estiver a estudar"" 😊

demos a ideia de reutilizar uma caneca de que a irmã gostasse muito, para que a vela fosse ainda mais única! e assim nasceu esta vela tão especial: feita numa caneca que tinha sido ilustrada pela própria irmã mais velha, com uma mensagem querida, uma decoração bem floral e alegre, e os óleos essenciais de limão, laranja e hortelã-pimenta 🍊

obrigada, adorámos preparar esta surpresa! 💛

📩 envia mensagem para encomendar!"
20250208_DF0hMcUiqmL_07.jpg,Velas,https://www.instagram.com/p/DF0hMcUiqmL/,2025-02-08,1440,1800,"🪷 encomenda especial entre irmãs 🪷
ainda durante a época natalícia (sim, ainda estamos a publicar as encomendas dessa altura que foi, felizmente, muito atarefada), uma menina veio falar connosco porque queria presentear a irmã mais velha com uma vela especial. o critério mais importante: ""que tenha uns óleos essenciais que a ajude a concentrar e a acalmar quando estiver a estudar"" 😊

demos a ideia de reutilizar uma caneca de que a irmã gostasse muito, para que a vela fosse ainda mais única! e assim nasceu esta vela tão especial: feita numa caneca que tinha sido ilustrada pela própria irmã mais velha, com uma mensagem querida, uma decoração bem floral e alegre, e os óleos essenciais de limão, laranja e hortelã-pimenta 🍊

obrigada, adorámos preparar esta surpresa! 💛

📩 envia mensagem para encomendar!"
20250208_DF0hMcUiqmL_08.jpg,Velas,https://www.instagram.com/p/DF0hMcUiqmL/,2025-02-08,1440,1800,"🪷 encomenda especial entre irmãs 🪷
ainda durante a época natalícia (sim, ainda estamos a publicar as encomendas dessa altura que foi, felizmente, muito atarefada), uma menina veio falar connosco porque queria presentear a irmã mais velha com uma vela especial. o critério mais importante: ""que tenha uns óleos essenciais que a ajude a concentrar e a acalmar quando estiver a estudar"" 😊

demos a ideia de reutilizar uma caneca de que a irmã gostasse muito, para que a vela fosse ainda mais única! e assim nasceu esta vela tão especial: feita numa caneca que tinha sido ilustrada pela própria irmã mais velha, com uma mensagem querida, uma decoração bem floral e alegre, e os óleos essenciais de limão, laranja e hortelã-pimenta 🍊

obrigada, adorámos preparar esta surpresa! 💛

📩 envia mensagem para encomendar!"
20250117_DE8HiH8C0EC_01.jpg,Velas,https://www.instagram.com/p/DE8HiH8C0EC/,2025-01-17,1440,1800,"🌿 vela de cera vegetal de soja, pote de vidro reutilizado, pavio de algodão e óleo essencial de hortelã-pimenta 🌿

a cliente escolheu o aroma revitalizante da hortelã-pimenta e nós optámos por uma decoração natural, simétrica e com os tons outonais das pétalas secas de hortênsia. uma fitinha verde a relembrar a frescura da hortelã-pimenta e assim ficou pronta a quarta velinha terapêutica da encomenda (vê o último post sobre a encomenda enviada para França) 💚

📩 envia mensagem para encomendar!"
20250117_DE8HiH8C0EC_02.jpg,Velas,https://www.instagram.com/p/DE8HiH8C0EC/,2025-01-17,1440,1800,"🌿 vela de cera vegetal de soja, pote de vidro reutilizado, pavio de algodão e óleo essencial de hortelã-pimenta 🌿

a cliente escolheu o aroma revitalizante da hortelã-pimenta e nós optámos por uma decoração natural, simétrica e com os tons outonais das pétalas secas de hortênsia. uma fitinha verde a relembrar a frescura da hortelã-pimenta e assim ficou pronta a quarta velinha terapêutica da encomenda (vê o último post sobre a encomenda enviada para França) 💚

📩 envia mensagem para encomendar!"
20250131_DFf30JWN4xG_01.jpg,Velas,https://www.instagram.com/p/DFf30JWN4xG/,2025-01-31,1440,1800,"🪻encomenda personalizada🪻
aqui, foi-nos pedido que fizéssemos uma nova vela num frasco que já tinha tido uma vela anteriormente. os óleos essenciais escolhidos foram hortelã-pimenta e limão, para criar um ambiente fresco na cozinha.
no vaso de vidro, foi usado o óleo essencial de lavanda para um aroma relaxante e calmante na hora de dormir. foi feita uma decoração leve e suave para criar uma vela que iria ser colocada na mesa de cabeceira 💜

o que acham de mais este ""antes e depois""? 

📩 envia mensagem para encomendar!"
20250131_DFf30JWN4xG_02.jpg,Velas,https://www.instagram.com/p/DFf30JWN4xG/,2025-01-31,1440,1800,"🪻encomenda personalizada🪻
aqui, foi-nos pedido que fizéssemos uma nova vela num frasco que já tinha tido uma vela anteriormente. os óleos essenciais escolhidos foram hortelã-pimenta e limão, para criar um ambiente fresco na cozinha.
no vaso de vidro, foi usado o óleo essencial de lavanda para um aroma relaxante e calmante na hora de dormir. foi feita uma decoração leve e suave para criar uma vela que iria ser colocada na mesa de cabeceira 💜

o que acham de mais este ""antes e depois""? 

📩 envia mensagem para encomendar!"
20250131_DFf30JWN4xG_03.jpg,Velas,https://www.instagram.com/p/DFf30JWN4xG/,2025-01-31,1440,1800,"🪻encomenda personalizada🪻
aqui, foi-nos pedido que fizéssemos uma nova vela num frasco que já tinha tido uma vela anteriormente. os óleos essenciais escolhidos foram hortelã-pimenta e limão, para criar um ambiente fresco na cozinha.
no vaso de vidro, foi usado o óleo essencial de lavanda para um aroma relaxante e calmante na hora de dormir. foi feita uma decoração leve e suave para criar uma vela que iria ser colocada na mesa de cabeceira 💜

o que acham de mais este ""antes e depois""? 

📩 envia mensagem para encomendar!"
20250131_DFf30JWN4xG_04.jpg,Velas,https://www.instagram.com/p/DFf30JWN4xG/,2025-01-31,1440,1800,"🪻encomenda personalizada🪻
aqui, foi-nos pedido que fizéssemos uma nova vela num frasco que já tinha tido uma vela anteriormente. os óleos essenciais escolhidos foram hortelã-pimenta e limão, para criar um ambiente fresco na cozinha.
no vaso de vidro, foi usado o óleo essencial de lavanda para um aroma relaxante e calmante na hora de dormir. foi feita uma decoração leve e suave para criar uma vela que iria ser colocada na mesa de cabeceira 💜

o que acham de mais este ""antes e depois""? 

📩 envia mensagem para encomendar!"
20250131_DFf30JWN4xG_05.jpg,Velas,https://www.instagram.com/p/DFf30JWN4xG/,2025-01-31,1440,1800,"🪻encomenda personalizada🪻
aqui, foi-nos pedido que fizéssemos uma nova vela num frasco que já tinha tido uma vela anteriormente. os óleos essenciais escolhidos foram hortelã-pimenta e limão, para criar um ambiente fresco na cozinha.
no vaso de vidro, foi usado o óleo essencial de lavanda para um aroma relaxante e calmante na hora de dormir. foi feita uma decoração leve e suave para criar uma vela que iria ser colocada na mesa de cabeceira 💜

o que acham de mais este ""antes e depois""? 

📩 envia mensagem para encomendar!"
20250428_DI_zv13i4v7_01.jpg,Champôs | Cuidado Capilar,https://www.instagram.com/p/DI_zv13i4v7/,2025-04-28,1440,1800,"🪷 kit ""eu cuido do meu cabelo"" 🪷 
conjunto composto por:
• um champô sólido (à escolha)
• um amaciador sólido
• uma máscara capilar (boião de 120ml)
• uma bolsinha artesanal em algodão hipoalergénico feita em crochet para pendurar no duche/banheira e secar os produtos sólidos, da @graziecanela

oferta de uma caixa artesanal, reutilizável e sustentável, totalmente feita à mão (à escolha, consoante o stock disponível) 🪷 

35,50€"
20250428_DI_zv13i4v7_02.jpg,Champôs | Cuidado Capilar,https://www.instagram.com/p/DI_zv13i4v7/,2025-04-28,1440,1800,"🪷 kit ""eu cuido do meu cabelo"" 🪷 
conjunto composto por:
• um champô sólido (à escolha)
• um amaciador sólido
• uma máscara capilar (boião de 120ml)
• uma bolsinha artesanal em algodão hipoalergénico feita em crochet para pendurar no duche/banheira e secar os produtos sólidos, da @graziecanela

oferta de uma caixa artesanal, reutilizável e sustentável, totalmente feita à mão (à escolha, consoante o stock disponível) 🪷 

35,50€"
20250428_DI_zv13i4v7_03.jpg,Champôs | Cuidado Capilar,https://www.instagram.com/p/DI_zv13i4v7/,2025-04-28,1440,1799,"🪷 kit ""eu cuido do meu cabelo"" 🪷 
conjunto composto por:
• um champô sólido (à escolha)
• um amaciador sólido
• uma máscara capilar (boião de 120ml)
• uma bolsinha artesanal em algodão hipoalergénico feita em crochet para pendurar no duche/banheira e secar os produtos sólidos, da @graziecanela

oferta de uma caixa artesanal, reutilizável e sustentável, totalmente feita à mão (à escolha, consoante o stock disponível) 🪷 

35,50€"
20250428_DI_zv13i4v7_04.jpg,Champôs | Cuidado Capilar,https://www.instagram.com/p/DI_zv13i4v7/,2025-04-28,1440,1800,"🪷 kit ""eu cuido do meu cabelo"" 🪷 
conjunto composto por:
• um champô sólido (à escolha)
• um amaciador sólido
• uma máscara capilar (boião de 120ml)
• uma bolsinha artesanal em algodão hipoalergénico feita em crochet para pendurar no duche/banheira e secar os produtos sólidos, da @graziecanela

oferta de uma caixa artesanal, reutilizável e sustentável, totalmente feita à mão (à escolha, consoante o stock disponível) 🪷 

35,50€"
20241203_DDIC4DbOiOp_01.jpg,Velas | Roll-on | Sais de Banho | Outros,https://www.instagram.com/p/DDIC4DbOiOp/,2024-12-03,1440,1800,"🎄 kit de natal ""relaxamento lucrescente"" 🎄
conjunto composto por:
• 1 frasco de sais de banho relaxantes
• 1 vela ambiente (aroma à escolha)
• 1 roll-on ""relax""
• 1 vela de massagem

Oferta de 3 ambientadores
Oferta da caixa (stock limitado) ou do embrulho

• 28€ (total dos produtos em separado: 31,60€)

📩 envia mensagem privada para encomendar!"
20241203_DDIC4DbOiOp_02.jpg,Velas | Roll-on | Sais de Banho | Outros,https://www.instagram.com/p/DDIC4DbOiOp/,2024-12-03,1440,1800,"🎄 kit de natal ""relaxamento lucrescente"" 🎄
conjunto composto por:
• 1 frasco de sais de banho relaxantes
• 1 vela ambiente (aroma à escolha)
• 1 roll-on ""relax""
• 1 vela de massagem

Oferta de 3 ambientadores
Oferta da caixa (stock limitado) ou do embrulho

• 28€ (total dos produtos em separado: 31,60€)

📩 envia mensagem privada para encomendar!"
20241203_DDIC4DbOiOp_03.jpg,Velas | Roll-on | Sais de Banho | Outros,https://www.instagram.com/p/DDIC4DbOiOp/,2024-12-03,1440,1800,"🎄 kit de natal ""relaxamento lucrescente"" 🎄
conjunto composto por:
• 1 frasco de sais de banho relaxantes
• 1 vela ambiente (aroma à escolha)
• 1 roll-on ""relax""
• 1 vela de massagem

Oferta de 3 ambientadores
Oferta da caixa (stock limitado) ou do embrulho

• 28€ (total dos produtos em separado: 31,60€)

📩 envia mensagem privada para encomendar!"
20241203_DDIC4DbOiOp_04.jpg,Velas | Roll-on | Sais de Banho | Outros,https://www.instagram.com/p/DDIC4DbOiOp/,2024-12-03,1440,1800,"🎄 kit de natal ""relaxamento lucrescente"" 🎄
conjunto composto por:
• 1 frasco de sais de banho relaxantes
• 1 vela ambiente (aroma à escolha)
• 1 roll-on ""relax""
• 1 vela de massagem

Oferta de 3 ambientadores
Oferta da caixa (stock limitado) ou do embrulho

• 28€ (total dos produtos em separado: 31,60€)

📩 envia mensagem privada para encomendar!"
20241203_DDIC4DbOiOp_05.jpg,Velas | Roll-on | Sais de Banho | Outros,https://www.instagram.com/p/DDIC4DbOiOp/,2024-12-03,1440,1800,"🎄 kit de natal ""relaxamento lucrescente"" 🎄
conjunto composto por:
• 1 frasco de sais de banho relaxantes
• 1 vela ambiente (aroma à escolha)
• 1 roll-on ""relax""
• 1 vela de massagem

Oferta de 3 ambientadores
Oferta da caixa (stock limitado) ou do embrulho

• 28€ (total dos produtos em separado: 31,60€)

📩 envia mensagem privada para encomendar!"
20241120_DCmVix-sXo2_01.jpg,Velas,https://www.instagram.com/p/DCmVix-sXo2/,2024-11-20,1440,1800,"🎄 o natal a aproximar-se: ideias lucrescentes 🎄

- vela de cera de soja natural
- casca natural de côco
- pavio de algodão
- brilhantes ecológicos
- óleos essenciais à tua escolha
- o preço poderá variar entre 8 e 10€, consoante o tamanho do côco e a quantidade de cera utilizada

📩 envia mensagem para encomendar!"
20241120_DCmVix-sXo2_02.jpg,Velas,https://www.instagram.com/p/DCmVix-sXo2/,2024-11-20,1440,1800,"🎄 o natal a aproximar-se: ideias lucrescentes 🎄

- vela de cera de soja natural
- casca natural de côco
- pavio de algodão
- brilhantes ecológicos
- óleos essenciais à tua escolha
- o preço poderá variar entre 8 e 10€, consoante o tamanho do côco e a quantidade de cera utilizada

📩 envia mensagem para encomendar!"
20241120_DCmVix-sXo2_03.jpg,Velas,https://www.instagram.com/p/DCmVix-sXo2/,2024-11-20,1440,1800,"🎄 o natal a aproximar-se: ideias lucrescentes 🎄

- vela de cera de soja natural
- casca natural de côco
- pavio de algodão
- brilhantes ecológicos
- óleos essenciais à tua escolha
- o preço poderá variar entre 8 e 10€, consoante o tamanho do côco e a quantidade de cera utilizada

📩 envia mensagem para encomendar!"
20241120_DCmVix-sXo2_04.jpg,Velas,https://www.instagram.com/p/DCmVix-sXo2/,2024-11-20,1440,1800,"🎄 o natal a aproximar-se: ideias lucrescentes 🎄

- vela de cera de soja natural
- casca natural de côco
- pavio de algodão
- brilhantes ecológicos
- óleos essenciais à tua escolha
- o preço poderá variar entre 8 e 10€, consoante o tamanho do côco e a quantidade de cera utilizada

📩 envia mensagem para encomendar!"
20240803_C-N_dd-t4Iv_01.jpg,_por_rever,https://www.instagram.com/p/C-N_dd-t4Iv/,2024-08-03,416,735,"Os produtos de higiene e bem-estar @lu.crescente são, desde o primeiro dia, os produtos escolhidos pela Raquel. Desta vez, surpreendeu-nos com um pequeno vídeo em que fala dos motivos que a leva a não prescindir dos nossos produtos na sua rotina diária. Por mais saúde e menos químicos! 🌿
Muito obrigada, Raquel! 
#naturalbeauty #healthylifestyle #naturalsoaps #naturalshampoo #goodvibes #sustainableliving"
20250115_DE2N3_KC8A4_01.jpg,Velas,https://www.instagram.com/p/DE2N3_KC8A4/,2025-01-15,1440,1800,"🪻 vela de cera vegetal de soja, em pote de barro, pavio de algodão e óleo essencial de lavanda 🪻

o aroma relaxante da lavanda foi escolhida pela cliente, para ter no quarto e acalmar antes de adormecer. o formato e a decoração foram escolhidas por nós. mais uma vela terapêutica e única a juntar à encomenda (vê o último post da encomenda enviada para França) 💜

📩 envia mensagem para encomendar!"
20250115_DE2N3_KC8A4_02.jpg,Velas,https://www.instagram.com/p/DE2N3_KC8A4/,2025-01-15,1440,1800,"🪻 vela de cera vegetal de soja, em pote de barro, pavio de algodão e óleo essencial de lavanda 🪻

o aroma relaxante da lavanda foi escolhida pela cliente, para ter no quarto e acalmar antes de adormecer. o formato e a decoração foram escolhidas por nós. mais uma vela terapêutica e única a juntar à encomenda (vê o último post da encomenda enviada para França) 💜

📩 envia mensagem para encomendar!"
20241101_DB1oRHvujxB_01.jpg,Outros,https://www.instagram.com/p/DB1oRHvujxB/,2024-11-01,1440,1800,"🌱 ambientadores 🌱
feitos de cera vegetal de soja e óleos essenciais, estes pequenos ambientadores são perfeitos para:

- guardar nas gavetas para ter o armário sempre perfumado
- derreter no aquecedor/difusor para relaxar 
- aproveitar a cera derretida para massagens, uma vez que a cera de soja penetra e hidrata a pele

escolhe o teu óleo essencial preferido e experimenta!

- 1,20€ a unidade (1€ a partir de 10 unidades)

📩 envia mensagem para encomendar!"
20241101_DB1oRHvujxB_02.jpg,Outros,https://www.instagram.com/p/DB1oRHvujxB/,2024-11-01,1440,1800,"🌱 ambientadores 🌱
feitos de cera vegetal de soja e óleos essenciais, estes pequenos ambientadores são perfeitos para:

- guardar nas gavetas para ter o armário sempre perfumado
- derreter no aquecedor/difusor para relaxar 
- aproveitar a cera derretida para massagens, uma vez que a cera de soja penetra e hidrata a pele

escolhe o teu óleo essencial preferido e experimenta!

- 1,20€ a unidade (1€ a partir de 10 unidades)

📩 envia mensagem para encomendar!"
20241101_DB1oRHvujxB_03.jpg,Outros,https://www.instagram.com/p/DB1oRHvujxB/,2024-11-01,1440,1800,"🌱 ambientadores 🌱
feitos de cera vegetal de soja e óleos essenciais, estes pequenos ambientadores são perfeitos para:

- guardar nas gavetas para ter o armário sempre perfumado
- derreter no aquecedor/difusor para relaxar 
- aproveitar a cera derretida para massagens, uma vez que a cera de soja penetra e hidrata a pele

escolhe o teu óleo essencial preferido e experimenta!

- 1,20€ a unidade (1€ a partir de 10 unidades)

📩 envia mensagem para encomendar!"
20241101_DB1oRHvujxB_04.jpg,Outros,https://www.instagram.com/p/DB1oRHvujxB/,2024-11-01,1440,1800,"🌱 ambientadores 🌱
feitos de cera vegetal de soja e óleos essenciais, estes pequenos ambientadores são perfeitos para:

- guardar nas gavetas para ter o armário sempre perfumado
- derreter no aquecedor/difusor para relaxar 
- aproveitar a cera derretida para massagens, uma vez que a cera de soja penetra e hidrata a pele

escolhe o teu óleo essencial preferido e experimenta!

- 1,20€ a unidade (1€ a partir de 10 unidades)

📩 envia mensagem para encomendar!"
20241101_DB1oRHvujxB_05.jpg,Outros,https://www.instagram.com/p/DB1oRHvujxB/,2024-11-01,1440,1800,"🌱 ambientadores 🌱
feitos de cera vegetal de soja e óleos essenciais, estes pequenos ambientadores são perfeitos para:

- guardar nas gavetas para ter o armário sempre perfumado
- derreter no aquecedor/difusor para relaxar 
- aproveitar a cera derretida para massagens, uma vez que a cera de soja penetra e hidrata a pele

escolhe o teu óleo essencial preferido e experimenta!

- 1,20€ a unidade (1€ a partir de 10 unidades)

📩 envia mensagem para encomendar!"
20241101_DB1oRHvujxB_06.jpg,Outros,https://www.instagram.com/p/DB1oRHvujxB/,2024-11-01,1440,1800,"🌱 ambientadores 🌱
feitos de cera vegetal de soja e óleos essenciais, estes pequenos ambientadores são perfeitos para:

- guardar nas gavetas para ter o armário sempre perfumado
- derreter no aquecedor/difusor para relaxar 
- aproveitar a cera derretida para massagens, uma vez que a cera de soja penetra e hidrata a pele

escolhe o teu óleo essencial preferido e experimenta!

- 1,20€ a unidade (1€ a partir de 10 unidades)

📩 envia mensagem para encomendar!"
20250114_DE0SUCSi9OU_01.jpg,Velas,https://www.instagram.com/p/DE0SUCSi9OU/,2025-01-14,1440,1800,"🍊 vela de cera vegetal de soja, em casca natural de côco, pavio de algodão e óleo essencial de tangerina 🍊

seguindo a nossa criatividade sentida no momento através do aroma inspirador da tangerina, preparámos esta vela terapêutica única, para juntar às outras 3 velas encomendadas (vê o post anterior) 🧡

📩 envia mensagem para encomendar!"
20250114_DE0SUCSi9OU_02.jpg,Velas,https://www.instagram.com/p/DE0SUCSi9OU/,2025-01-14,1440,1800,"🍊 vela de cera vegetal de soja, em casca natural de côco, pavio de algodão e óleo essencial de tangerina 🍊

seguindo a nossa criatividade sentida no momento através do aroma inspirador da tangerina, preparámos esta vela terapêutica única, para juntar às outras 3 velas encomendadas (vê o post anterior) 🧡

📩 envia mensagem para encomendar!"
20250116_DE5U-Imi93E_01.jpg,Velas,https://www.instagram.com/p/DE5U-Imi93E/,2025-01-16,1440,1800,"🍃 vela de cera vegetal de soja, pote de vidro reutilizado, pavio de algodão e óleo essencial de eucalipto 🍃

para esta vela, optámos por uma decoração mais simples mas detalhada: flores secas em tons de verde, pedrinhas douradas para um toque luminoso, e um pequeno coração em cera de soja. os brilhantes dourados são ecológicos. uma vela mais pequena com um aroma bem fresco (vê o último post da encomenda completa, enviada para França) 💚

📩 envia mensagem para encomendar!"
20250116_DE5U-Imi93E_02.jpg,Velas,https://www.instagram.com/p/DE5U-Imi93E/,2025-01-16,1440,1800,"🍃 vela de cera vegetal de soja, pote de vidro reutilizado, pavio de algodão e óleo essencial de eucalipto 🍃

para esta vela, optámos por uma decoração mais simples mas detalhada: flores secas em tons de verde, pedrinhas douradas para um toque luminoso, e um pequeno coração em cera de soja. os brilhantes dourados são ecológicos. uma vela mais pequena com um aroma bem fresco (vê o último post da encomenda completa, enviada para França) 💚

📩 envia mensagem para encomendar!"
20241124_DCw6VjeuqFD_01.jpg,Cuidado Capilar | Velas | Batons,https://www.instagram.com/p/DCw6VjeuqFD/,2024-11-24,1439,1223,"🌱 mais uma encomenda entregue 🌱 

- máscara capilar com óleo essencial de alecrim 🌿
- bálsamo labial hidratante com óleo essencial de laranja 🍊
- vela de cera de soja com óleo essencial de limão 🍋

muito gratas pela vossa confiança e preferência 💚"
20241203_DDH5G7pMuZ3_01.jpg,Champôs | Cuidado Capilar | Sabonetes | Sais de Banho | Batons,https://www.instagram.com/p/DDH5G7pMuZ3/,2024-12-03,1440,1800,"🎄 kit de natal ""banho lucrescente"" 🎄
conjunto composto por:
• 1 champô sólido (à escolha, segundo o tipo de cabelo)
• 1 amaciador/condicionador sólido (universal)
• 1 máscara capilar 160 ml (universal)
• 1 frasco de sais de banho relaxantes
• 1 sabonete de rosto

oferta de 1 bálsamo labial 
oferta da caixa (stock limitado) ou do embrulho

• 45€ (total dos produtos em separado: 50€)

📩 envia mensagem privada para encomendar!"
20241203_DDH5G7pMuZ3_02.jpg,Champôs | Cuidado Capilar | Sabonetes | Sais de Banho | Batons,https://www.instagram.com/p/DDH5G7pMuZ3/,2024-12-03,1440,1800,"🎄 kit de natal ""banho lucrescente"" 🎄
conjunto composto por:
• 1 champô sólido (à escolha, segundo o tipo de cabelo)
• 1 amaciador/condicionador sólido (universal)
• 1 máscara capilar 160 ml (universal)
• 1 frasco de sais de banho relaxantes
• 1 sabonete de rosto

oferta de 1 bálsamo labial 
oferta da caixa (stock limitado) ou do embrulho

• 45€ (total dos produtos em separado: 50€)

📩 envia mensagem privada para encomendar!"
20241203_DDH5G7pMuZ3_03.jpg,Champôs | Cuidado Capilar | Sabonetes | Sais de Banho | Batons,https://www.instagram.com/p/DDH5G7pMuZ3/,2024-12-03,1440,1800,"🎄 kit de natal ""banho lucrescente"" 🎄
conjunto composto por:
• 1 champô sólido (à escolha, segundo o tipo de cabelo)
• 1 amaciador/condicionador sólido (universal)
• 1 máscara capilar 160 ml (universal)
• 1 frasco de sais de banho relaxantes
• 1 sabonete de rosto

oferta de 1 bálsamo labial 
oferta da caixa (stock limitado) ou do embrulho

• 45€ (total dos produtos em separado: 50€)

📩 envia mensagem privada para encomendar!"
20241203_DDH5G7pMuZ3_04.jpg,Champôs | Cuidado Capilar | Sabonetes | Sais de Banho | Batons,https://www.instagram.com/p/DDH5G7pMuZ3/,2024-12-03,1440,1800,"🎄 kit de natal ""banho lucrescente"" 🎄
conjunto composto por:
• 1 champô sólido (à escolha, segundo o tipo de cabelo)
• 1 amaciador/condicionador sólido (universal)
• 1 máscara capilar 160 ml (universal)
• 1 frasco de sais de banho relaxantes
• 1 sabonete de rosto

oferta de 1 bálsamo labial 
oferta da caixa (stock limitado) ou do embrulho

• 45€ (total dos produtos em separado: 50€)

📩 envia mensagem privada para encomendar!"
20241203_DDH5G7pMuZ3_05.jpg,Champôs | Cuidado Capilar | Sabonetes | Sais de Banho | Batons,https://www.instagram.com/p/DDH5G7pMuZ3/,2024-12-03,1440,1800,"🎄 kit de natal ""banho lucrescente"" 🎄
conjunto composto por:
• 1 champô sólido (à escolha, segundo o tipo de cabelo)
• 1 amaciador/condicionador sólido (universal)
• 1 máscara capilar 160 ml (universal)
• 1 frasco de sais de banho relaxantes
• 1 sabonete de rosto

oferta de 1 bálsamo labial 
oferta da caixa (stock limitado) ou do embrulho

• 45€ (total dos produtos em separado: 50€)

📩 envia mensagem privada para encomendar!"
20250112_DEvpBAei65a_01.jpg,Champôs | Cuidado Capilar | Sabonetes | Velas | Batons | Outros,https://www.instagram.com/p/DEvpBAei65a/,2025-01-12,1440,1800,"🌸 última encomenda 2024 🌸
enviada para França, preparada e acondicionada com muito cuidado para que chegasse ao destino em perfeitas condições (última foto):
• 1 champô sólido para cabelo normal
• 1 amaciador sólido 
• 1 bálsamo labial hidratante (laranja)
• 1 inalador terapêutico 
• 1 sabonete de corpo 
• 4 velas com forma e decoração ao nosso critério (eucalipto; lavanda; hortelã-pimenta; tangerina)

muito obrigada pela confiança, pelo carinho e pela preferência, é muito gratificante sentir o vosso apoio, mesmo a tão grandes distâncias 💖

📩 envia mensagem para encomendar!"
20250112_DEvpBAei65a_02.jpg,Champôs | Cuidado Capilar | Sabonetes | Velas | Batons | Outros,https://www.instagram.com/p/DEvpBAei65a/,2025-01-12,1440,1800,"🌸 última encomenda 2024 🌸
enviada para França, preparada e acondicionada com muito cuidado para que chegasse ao destino em perfeitas condições (última foto):
• 1 champô sólido para cabelo normal
• 1 amaciador sólido 
• 1 bálsamo labial hidratante (laranja)
• 1 inalador terapêutico 
• 1 sabonete de corpo 
• 4 velas com forma e decoração ao nosso critério (eucalipto; lavanda; hortelã-pimenta; tangerina)

muito obrigada pela confiança, pelo carinho e pela preferência, é muito gratificante sentir o vosso apoio, mesmo a tão grandes distâncias 💖

📩 envia mensagem para encomendar!"
20250112_DEvpBAei65a_03.jpg,Champôs | Cuidado Capilar | Sabonetes | Velas | Batons | Outros,https://www.instagram.com/p/DEvpBAei65a/,2025-01-12,1440,1800,"🌸 última encomenda 2024 🌸
enviada para França, preparada e acondicionada com muito cuidado para que chegasse ao destino em perfeitas condições (última foto):
• 1 champô sólido para cabelo normal
• 1 amaciador sólido 
• 1 bálsamo labial hidratante (laranja)
• 1 inalador terapêutico 
• 1 sabonete de corpo 
• 4 velas com forma e decoração ao nosso critério (eucalipto; lavanda; hortelã-pimenta; tangerina)

muito obrigada pela confiança, pelo carinho e pela preferência, é muito gratificante sentir o vosso apoio, mesmo a tão grandes distâncias 💖

📩 envia mensagem para encomendar!"
20250112_DEvpBAei65a_04.jpg,Champôs | Cuidado Capilar | Sabonetes | Velas | Batons | Outros,https://www.instagram.com/p/DEvpBAei65a/,2025-01-12,1440,1800,"🌸 última encomenda 2024 🌸
enviada para França, preparada e acondicionada com muito cuidado para que chegasse ao destino em perfeitas condições (última foto):
• 1 champô sólido para cabelo normal
• 1 amaciador sólido 
• 1 bálsamo labial hidratante (laranja)
• 1 inalador terapêutico 
• 1 sabonete de corpo 
• 4 velas com forma e decoração ao nosso critério (eucalipto; lavanda; hortelã-pimenta; tangerina)

muito obrigada pela confiança, pelo carinho e pela preferência, é muito gratificante sentir o vosso apoio, mesmo a tão grandes distâncias 💖

📩 envia mensagem para encomendar!"
20250112_DEvpBAei65a_05.jpg,Champôs | Cuidado Capilar | Sabonetes | Velas | Batons | Outros,https://www.instagram.com/p/DEvpBAei65a/,2025-01-12,1440,1800,"🌸 última encomenda 2024 🌸
enviada para França, preparada e acondicionada com muito cuidado para que chegasse ao destino em perfeitas condições (última foto):
• 1 champô sólido para cabelo normal
• 1 amaciador sólido 
• 1 bálsamo labial hidratante (laranja)
• 1 inalador terapêutico 
• 1 sabonete de corpo 
• 4 velas com forma e decoração ao nosso critério (eucalipto; lavanda; hortelã-pimenta; tangerina)

muito obrigada pela confiança, pelo carinho e pela preferência, é muito gratificante sentir o vosso apoio, mesmo a tão grandes distâncias 💖

📩 envia mensagem para encomendar!"
20241202_DDFYJhHO5YL_01.jpg,Batons,https://www.instagram.com/p/DDFYJhHO5YL/,2024-12-02,1440,1800,"🌱 mais uma encomenda entregue 🌱
dois bálsamos labiais hidratantes: 

• um sem cor, com óleo essencial de hortelã-pimenta, para uma leve sensação de frescura
• um com cor natural ""vermelho tijolo""

obrigada pela confiança e preferência 🥰

📩 envia mensagem privada para encomendar!"
20241203_DDIJOHiuuiG_01.jpg,Desodorizantes | Champôs | Cuidado Capilar | Sabonetes | Velas | Roll-on | Sais de Banho | Batons | Outros,https://www.instagram.com/p/DDIJOHiuuiG/,2024-12-03,1440,1800,"🎄 kit de natal ""eu sou lucrescente""
conjunto de 4 ou + produtos à tua escolha:
• champô sólido (à escolha, segundo o tipo de cabelo)
• amaciador sólido (universal)
• máscara capilar (universal)
• bálsamo labial sem cor (natural, laranja ou hortelã-pimenta)
• bálsamo labial cor ""vermelho tijolo"", natural
• sais de banho relaxantes
• sabonete de rosto ou de corpo, esfoliação suave 
• roll-on (relax, respiração ou dores de cabeça)
• vela de massagem 
• vela ambiente (aroma à escolha, sem decoração)
• ambientadores (aromas à escolha)
• inalador terapêutico
• desodorizante em creme

oferta de 10% de desconto no valor do conjunto
oferta do saquinho de embrulho

📩 envia mensagem privada para encomendar!"
20241203_DDIJOHiuuiG_02.jpg,Desodorizantes | Champôs | Cuidado Capilar | Sabonetes | Velas | Roll-on | Sais de Banho | Batons | Outros,https://www.instagram.com/p/DDIJOHiuuiG/,2024-12-03,1440,1800,"🎄 kit de natal ""eu sou lucrescente""
conjunto de 4 ou + produtos à tua escolha:
• champô sólido (à escolha, segundo o tipo de cabelo)
• amaciador sólido (universal)
• máscara capilar (universal)
• bálsamo labial sem cor (natural, laranja ou hortelã-pimenta)
• bálsamo labial cor ""vermelho tijolo"", natural
• sais de banho relaxantes
• sabonete de rosto ou de corpo, esfoliação suave 
• roll-on (relax, respiração ou dores de cabeça)
• vela de massagem 
• vela ambiente (aroma à escolha, sem decoração)
• ambientadores (aromas à escolha)
• inalador terapêutico
• desodorizante em creme

oferta de 10% de desconto no valor do conjunto
oferta do saquinho de embrulho

📩 envia mensagem privada para encomendar!"
20241203_DDIJOHiuuiG_03.jpg,Desodorizantes | Champôs | Cuidado Capilar | Sabonetes | Velas | Roll-on | Sais de Banho | Batons | Outros,https://www.instagram.com/p/DDIJOHiuuiG/,2024-12-03,1440,1800,"🎄 kit de natal ""eu sou lucrescente""
conjunto de 4 ou + produtos à tua escolha:
• champô sólido (à escolha, segundo o tipo de cabelo)
• amaciador sólido (universal)
• máscara capilar (universal)
• bálsamo labial sem cor (natural, laranja ou hortelã-pimenta)
• bálsamo labial cor ""vermelho tijolo"", natural
• sais de banho relaxantes
• sabonete de rosto ou de corpo, esfoliação suave 
• roll-on (relax, respiração ou dores de cabeça)
• vela de massagem 
• vela ambiente (aroma à escolha, sem decoração)
• ambientadores (aromas à escolha)
• inalador terapêutico
• desodorizante em creme

oferta de 10% de desconto no valor do conjunto
oferta do saquinho de embrulho

📩 envia mensagem privada para encomendar!"
20241203_DDIJOHiuuiG_04.jpg,Desodorizantes | Champôs | Cuidado Capilar | Sabonetes | Velas | Roll-on | Sais de Banho | Batons | Outros,https://www.instagram.com/p/DDIJOHiuuiG/,2024-12-03,1440,1800,"🎄 kit de natal ""eu sou lucrescente""
conjunto de 4 ou + produtos à tua escolha:
• champô sólido (à escolha, segundo o tipo de cabelo)
• amaciador sólido (universal)
• máscara capilar (universal)
• bálsamo labial sem cor (natural, laranja ou hortelã-pimenta)
• bálsamo labial cor ""vermelho tijolo"", natural
• sais de banho relaxantes
• sabonete de rosto ou de corpo, esfoliação suave 
• roll-on (relax, respiração ou dores de cabeça)
• vela de massagem 
• vela ambiente (aroma à escolha, sem decoração)
• ambientadores (aromas à escolha)
• inalador terapêutico
• desodorizante em creme

oferta de 10% de desconto no valor do conjunto
oferta do saquinho de embrulho

📩 envia mensagem privada para encomendar!"
20241203_DDIJOHiuuiG_05.jpg,Desodorizantes | Champôs | Cuidado Capilar | Sabonetes | Velas | Roll-on | Sais de Banho | Batons | Outros,https://www.instagram.com/p/DDIJOHiuuiG/,2024-12-03,1440,1800,"🎄 kit de natal ""eu sou lucrescente""
conjunto de 4 ou + produtos à tua escolha:
• champô sólido (à escolha, segundo o tipo de cabelo)
• amaciador sólido (universal)
• máscara capilar (universal)
• bálsamo labial sem cor (natural, laranja ou hortelã-pimenta)
• bálsamo labial cor ""vermelho tijolo"", natural
• sais de banho relaxantes
• sabonete de rosto ou de corpo, esfoliação suave 
• roll-on (relax, respiração ou dores de cabeça)
• vela de massagem 
• vela ambiente (aroma à escolha, sem decoração)
• ambientadores (aromas à escolha)
• inalador terapêutico
• desodorizante em creme

oferta de 10% de desconto no valor do conjunto
oferta do saquinho de embrulho

📩 envia mensagem privada para encomendar!"
20241203_DDIJOHiuuiG_06.jpg,Desodorizantes | Champôs | Cuidado Capilar | Sabonetes | Velas | Roll-on | Sais de Banho | Batons | Outros,https://www.instagram.com/p/DDIJOHiuuiG/,2024-12-03,1440,1800,"🎄 kit de natal ""eu sou lucrescente""
conjunto de 4 ou + produtos à tua escolha:
• champô sólido (à escolha, segundo o tipo de cabelo)
• amaciador sólido (universal)
• máscara capilar (universal)
• bálsamo labial sem cor (natural, laranja ou hortelã-pimenta)
• bálsamo labial cor ""vermelho tijolo"", natural
• sais de banho relaxantes
• sabonete de rosto ou de corpo, esfoliação suave 
• roll-on (relax, respiração ou dores de cabeça)
• vela de massagem 
• vela ambiente (aroma à escolha, sem decoração)
• ambientadores (aromas à escolha)
• inalador terapêutico
• desodorizante em creme

oferta de 10% de desconto no valor do conjunto
oferta do saquinho de embrulho

📩 envia mensagem privada para encomendar!"
20240304_C4GntZ5NjJH_01.jpg,Roll-on,https://www.instagram.com/p/C4GntZ5NjJH/,2024-03-04,1440,1802,"🌱 roll-ons terapêuticos 🌱 
- roll-on ""relax"" para relaxamento, diminuição de ansiedade e stress: aplicar nos pulsos e fazer inalações profundas
- roll-on ""dores de cabeça"" para diminuir a sensação de pressão, dores de cabeça, enxaquecas: aplicar nas têmporas e na testa e massajar
- roll-on ""respiratório"" para sinusite, rinite, constipações, congestionamento nasal, problemas respiratórios: aplicar na testa e por baixo dos olhos, de cada lado do nariz e massajar
- 8,50€

cada frasco é reutilizável e a mistura de óleos pode ser adaptada e personalizada consoante os sintomas 𖦹

📩 envia mensagem para encomendar!"
20240304_C4GntZ5NjJH_02.jpg,Roll-on,https://www.instagram.com/p/C4GntZ5NjJH/,2024-03-04,1341,1677,"🌱 roll-ons terapêuticos 🌱 
- roll-on ""relax"" para relaxamento, diminuição de ansiedade e stress: aplicar nos pulsos e fazer inalações profundas
- roll-on ""dores de cabeça"" para diminuir a sensação de pressão, dores de cabeça, enxaquecas: aplicar nas têmporas e na testa e massajar
- roll-on ""respiratório"" para sinusite, rinite, constipações, congestionamento nasal, problemas respiratórios: aplicar na testa e por baixo dos olhos, de cada lado do nariz e massajar
- 8,50€

cada frasco é reutilizável e a mistura de óleos pode ser adaptada e personalizada consoante os sintomas 𖦹

📩 envia mensagem para encomendar!"
20240304_C4GntZ5NjJH_03.jpg,Roll-on,https://www.instagram.com/p/C4GntZ5NjJH/,2024-03-04,1204,1507,"🌱 roll-ons terapêuticos 🌱 
- roll-on ""relax"" para relaxamento, diminuição de ansiedade e stress: aplicar nos pulsos e fazer inalações profundas
- roll-on ""dores de cabeça"" para diminuir a sensação de pressão, dores de cabeça, enxaquecas: aplicar nas têmporas e na testa e massajar
- roll-on ""respiratório"" para sinusite, rinite, constipações, congestionamento nasal, problemas respiratórios: aplicar na testa e por baixo dos olhos, de cada lado do nariz e massajar
- 8,50€

cada frasco é reutilizável e a mistura de óleos pode ser adaptada e personalizada consoante os sintomas 𖦹

📩 envia mensagem para encomendar!"
20240304_C4GntZ5NjJH_04.jpg,Roll-on,https://www.instagram.com/p/C4GntZ5NjJH/,2024-03-04,1072,1341,"🌱 roll-ons terapêuticos 🌱 
- roll-on ""relax"" para relaxamento, diminuição de ansiedade e stress: aplicar nos pulsos e fazer inalações profundas
- roll-on ""dores de cabeça"" para diminuir a sensação de pressão, dores de cabeça, enxaquecas: aplicar nas têmporas e na testa e massajar
- roll-on ""respiratório"" para sinusite, rinite, constipações, congestionamento nasal, problemas respiratórios: aplicar na testa e por baixo dos olhos, de cada lado do nariz e massajar
- 8,50€

cada frasco é reutilizável e a mistura de óleos pode ser adaptada e personalizada consoante os sintomas 𖦹

📩 envia mensagem para encomendar!"
20240304_C4GntZ5NjJH_05.jpg,Roll-on,https://www.instagram.com/p/C4GntZ5NjJH/,2024-03-04,1309,1638,"🌱 roll-ons terapêuticos 🌱 
- roll-on ""relax"" para relaxamento, diminuição de ansiedade e stress: aplicar nos pulsos e fazer inalações profundas
- roll-on ""dores de cabeça"" para diminuir a sensação de pressão, dores de cabeça, enxaquecas: aplicar nas têmporas e na testa e massajar
- roll-on ""respiratório"" para sinusite, rinite, constipações, congestionamento nasal, problemas respiratórios: aplicar na testa e por baixo dos olhos, de cada lado do nariz e massajar
- 8,50€

cada frasco é reutilizável e a mistura de óleos pode ser adaptada e personalizada consoante os sintomas 𖦹

📩 envia mensagem para encomendar!"
20240304_C4GntZ5NjJH_06.jpg,Roll-on,https://www.instagram.com/p/C4GntZ5NjJH/,2024-03-04,1440,1803,"🌱 roll-ons terapêuticos 🌱 
- roll-on ""relax"" para relaxamento, diminuição de ansiedade e stress: aplicar nos pulsos e fazer inalações profundas
- roll-on ""dores de cabeça"" para diminuir a sensação de pressão, dores de cabeça, enxaquecas: aplicar nas têmporas e na testa e massajar
- roll-on ""respiratório"" para sinusite, rinite, constipações, congestionamento nasal, problemas respiratórios: aplicar na testa e por baixo dos olhos, de cada lado do nariz e massajar
- 8,50€

cada frasco é reutilizável e a mistura de óleos pode ser adaptada e personalizada consoante os sintomas 𖦹

📩 envia mensagem para encomendar!"
20240222_C3qFNrHNOh__01.jpg,Velas,https://www.instagram.com/p/C3qFNrHNOh_/,2024-02-22,1440,1802,"🌱 velas com mensagens 🌱
a partir de agora podemos personalizar ainda mais as tuas velas: um agradecimento, um pensamento, um nome, uma data especial...
podes escolher o formato, o óleo essencial, o estilo de decoração que preferes e adicionar uma mensagem na tua vela ༄

📩 envia mensagem para encomendar!"
20240222_C3qFNrHNOh__02.jpg,Velas,https://www.instagram.com/p/C3qFNrHNOh_/,2024-02-22,1378,1723,"🌱 velas com mensagens 🌱
a partir de agora podemos personalizar ainda mais as tuas velas: um agradecimento, um pensamento, um nome, uma data especial...
podes escolher o formato, o óleo essencial, o estilo de decoração que preferes e adicionar uma mensagem na tua vela ༄

📩 envia mensagem para encomendar!"
20240222_C3qFNrHNOh__03.jpg,Velas,https://www.instagram.com/p/C3qFNrHNOh_/,2024-02-22,1440,1802,"🌱 velas com mensagens 🌱
a partir de agora podemos personalizar ainda mais as tuas velas: um agradecimento, um pensamento, um nome, uma data especial...
podes escolher o formato, o óleo essencial, o estilo de decoração que preferes e adicionar uma mensagem na tua vela ༄

📩 envia mensagem para encomendar!"
20240222_C3qFNrHNOh__04.jpg,Velas,https://www.instagram.com/p/C3qFNrHNOh_/,2024-02-22,1440,1800,"🌱 velas com mensagens 🌱
a partir de agora podemos personalizar ainda mais as tuas velas: um agradecimento, um pensamento, um nome, uma data especial...
podes escolher o formato, o óleo essencial, o estilo de decoração que preferes e adicionar uma mensagem na tua vela ༄

📩 envia mensagem para encomendar!"
20240222_C3qFNrHNOh__05.jpg,Velas,https://www.instagram.com/p/C3qFNrHNOh_/,2024-02-22,1352,1691,"🌱 velas com mensagens 🌱
a partir de agora podemos personalizar ainda mais as tuas velas: um agradecimento, um pensamento, um nome, uma data especial...
podes escolher o formato, o óleo essencial, o estilo de decoração que preferes e adicionar uma mensagem na tua vela ༄

📩 envia mensagem para encomendar!"
20240222_C3qFNrHNOh__06.jpg,Velas,https://www.instagram.com/p/C3qFNrHNOh_/,2024-02-22,1440,1802,"🌱 velas com mensagens 🌱
a partir de agora podemos personalizar ainda mais as tuas velas: um agradecimento, um pensamento, um nome, uma data especial...
podes escolher o formato, o óleo essencial, o estilo de decoração que preferes e adicionar uma mensagem na tua vela ༄

📩 envia mensagem para encomendar!"
20240301_C3-WLX7NKe1_01.jpg,Champôs,https://www.instagram.com/p/C3-WLX7NKe1/,2024-03-01,1440,1800,"🌱 champô sólido para cabelo normal 🌱
- com argila branca, aveia*, côco*, hidrolato de lavanda* e óleo essencial de erva-príncipe 
- enriquecido com provitamina B5*
- indicado para todo o tipo de cabelos (liso, encaracolado, pintado, alisado, etc.)
- duração aprox.: 3 meses
- 12€

📩 envia mensagem para encomendar!

*biológico/orgânico"
20240301_C3-WLX7NKe1_02.jpg,Champôs,https://www.instagram.com/p/C3-WLX7NKe1/,2024-03-01,1440,1800,"🌱 champô sólido para cabelo normal 🌱
- com argila branca, aveia*, côco*, hidrolato de lavanda* e óleo essencial de erva-príncipe 
- enriquecido com provitamina B5*
- indicado para todo o tipo de cabelos (liso, encaracolado, pintado, alisado, etc.)
- duração aprox.: 3 meses
- 12€

📩 envia mensagem para encomendar!

*biológico/orgânico"
20240301_C3-WLX7NKe1_03.jpg,Champôs,https://www.instagram.com/p/C3-WLX7NKe1/,2024-03-01,1440,1800,"🌱 champô sólido para cabelo normal 🌱
- com argila branca, aveia*, côco*, hidrolato de lavanda* e óleo essencial de erva-príncipe 
- enriquecido com provitamina B5*
- indicado para todo o tipo de cabelos (liso, encaracolado, pintado, alisado, etc.)
- duração aprox.: 3 meses
- 12€

📩 envia mensagem para encomendar!

*biológico/orgânico"
20240301_C3-WLX7NKe1_04.jpg,Champôs,https://www.instagram.com/p/C3-WLX7NKe1/,2024-03-01,1440,1800,"🌱 champô sólido para cabelo normal 🌱
- com argila branca, aveia*, côco*, hidrolato de lavanda* e óleo essencial de erva-príncipe 
- enriquecido com provitamina B5*
- indicado para todo o tipo de cabelos (liso, encaracolado, pintado, alisado, etc.)
- duração aprox.: 3 meses
- 12€

📩 envia mensagem para encomendar!

*biológico/orgânico"
20240118_C2QJsMnNmeX_01.jpg,Sabonetes,https://www.instagram.com/p/C2QJsMnNmeX/,2024-01-18,1080,1350,"🌱 sabonete de rosto 🌱
- com gel de aloe vera extraído diretamente da planta* e óleo essencial de lavanda e bergamota, para hidratar e acalmar a pele
- sementes de papoila para uma esfoliação suave 
- para uso diário 
- este tamanho/formato facilita o uso na cara, embora haja possibilidade de fazer outros tamanhos/formatos
- duração aprox.: 2 meses
- 4€

📩 envia mensagem para encomendar!

*biológico/orgânico"
20240118_C2QJsMnNmeX_02.jpg,Sabonetes,https://www.instagram.com/p/C2QJsMnNmeX/,2024-01-18,1440,1800,"🌱 sabonete de rosto 🌱
- com gel de aloe vera extraído diretamente da planta* e óleo essencial de lavanda e bergamota, para hidratar e acalmar a pele
- sementes de papoila para uma esfoliação suave 
- para uso diário 
- este tamanho/formato facilita o uso na cara, embora haja possibilidade de fazer outros tamanhos/formatos
- duração aprox.: 2 meses
- 4€

📩 envia mensagem para encomendar!

*biológico/orgânico"
20240118_C2QJsMnNmeX_03.jpg,Sabonetes,https://www.instagram.com/p/C2QJsMnNmeX/,2024-01-18,1440,1800,"🌱 sabonete de rosto 🌱
- com gel de aloe vera extraído diretamente da planta* e óleo essencial de lavanda e bergamota, para hidratar e acalmar a pele
- sementes de papoila para uma esfoliação suave 
- para uso diário 
- este tamanho/formato facilita o uso na cara, embora haja possibilidade de fazer outros tamanhos/formatos
- duração aprox.: 2 meses
- 4€

📩 envia mensagem para encomendar!

*biológico/orgânico"
20240118_C2QJsMnNmeX_04.jpg,Sabonetes,https://www.instagram.com/p/C2QJsMnNmeX/,2024-01-18,1440,1800,"🌱 sabonete de rosto 🌱
- com gel de aloe vera extraído diretamente da planta* e óleo essencial de lavanda e bergamota, para hidratar e acalmar a pele
- sementes de papoila para uma esfoliação suave 
- para uso diário 
- este tamanho/formato facilita o uso na cara, embora haja possibilidade de fazer outros tamanhos/formatos
- duração aprox.: 2 meses
- 4€

📩 envia mensagem para encomendar!

*biológico/orgânico"
20240402_C5Q3txaNmJi_01.jpg,Velas,https://www.instagram.com/p/C5Q3txaNmJi/,2024-04-02,1375,1718,"🐚 vela com mensagem escrita 🐚
nesta Páscoa fomos desafiadas a criar uma vela com uma mensagem muito especial 𖦹

conhecendo os gostos da pessoa que iria ser prendada, decidimos juntar os óleos essenciais de lavanda e de bergamota para um aroma floral e fresco. 
as cores e a decoração foram combinadas com a cliente, para criar um tema marinho/praia com um toque floral e brilhante.

gostámos imenso de criar esta vela, juntando os gostos tanto de quem iria oferecer como de quem iria receber, e foi muito gratificante fazermos parte deste pedido para um momento único. 

e tu, gostaste desta vela? 🐚

📩 envia mensagem para encomendar a tua!"
20240402_C5Q3txaNmJi_02.jpg,Velas,https://www.instagram.com/p/C5Q3txaNmJi/,2024-04-02,1440,1800,"🐚 vela com mensagem escrita 🐚
nesta Páscoa fomos desafiadas a criar uma vela com uma mensagem muito especial 𖦹

conhecendo os gostos da pessoa que iria ser prendada, decidimos juntar os óleos essenciais de lavanda e de bergamota para um aroma floral e fresco. 
as cores e a decoração foram combinadas com a cliente, para criar um tema marinho/praia com um toque floral e brilhante.

gostámos imenso de criar esta vela, juntando os gostos tanto de quem iria oferecer como de quem iria receber, e foi muito gratificante fazermos parte deste pedido para um momento único. 

e tu, gostaste desta vela? 🐚

📩 envia mensagem para encomendar a tua!"
20240402_C5Q3txaNmJi_03.jpg,Velas,https://www.instagram.com/p/C5Q3txaNmJi/,2024-04-02,1440,1800,"🐚 vela com mensagem escrita 🐚
nesta Páscoa fomos desafiadas a criar uma vela com uma mensagem muito especial 𖦹

conhecendo os gostos da pessoa que iria ser prendada, decidimos juntar os óleos essenciais de lavanda e de bergamota para um aroma floral e fresco. 
as cores e a decoração foram combinadas com a cliente, para criar um tema marinho/praia com um toque floral e brilhante.

gostámos imenso de criar esta vela, juntando os gostos tanto de quem iria oferecer como de quem iria receber, e foi muito gratificante fazermos parte deste pedido para um momento único. 

e tu, gostaste desta vela? 🐚

📩 envia mensagem para encomendar a tua!"
20240402_C5Q3txaNmJi_04.jpg,Velas,https://www.instagram.com/p/C5Q3txaNmJi/,2024-04-02,720,900,"🐚 vela com mensagem escrita 🐚
nesta Páscoa fomos desafiadas a criar uma vela com uma mensagem muito especial 𖦹

conhecendo os gostos da pessoa que iria ser prendada, decidimos juntar os óleos essenciais de lavanda e de bergamota para um aroma floral e fresco. 
as cores e a decoração foram combinadas com a cliente, para criar um tema marinho/praia com um toque floral e brilhante.

gostámos imenso de criar esta vela, juntando os gostos tanto de quem iria oferecer como de quem iria receber, e foi muito gratificante fazermos parte deste pedido para um momento único. 

e tu, gostaste desta vela? 🐚

📩 envia mensagem para encomendar a tua!"
20240209_C3JIS1ctvEb_01.jpg,Champôs,https://www.instagram.com/p/C3JIS1ctvEb/,2024-02-09,1440,1800,"🌱 champô sólido para crianças e para pele atópica 🌱
- com argila branca, manteiga de karité* e hidrolato de camomila*
- enriquecido com provitamina B5* 
- indicado para todo o tipo de cabelo (liso, encaracolado, pintado, alisado, etc.), para pele delicada, sensível, atópica e para crianças
- duração: aprox. 3 meses
- 12€

📩 envia mensagem para encomendar!

*biológico/orgânico"
20240209_C3JIS1ctvEb_02.jpg,Champôs,https://www.instagram.com/p/C3JIS1ctvEb/,2024-02-09,1440,1800,"🌱 champô sólido para crianças e para pele atópica 🌱
- com argila branca, manteiga de karité* e hidrolato de camomila*
- enriquecido com provitamina B5* 
- indicado para todo o tipo de cabelo (liso, encaracolado, pintado, alisado, etc.), para pele delicada, sensível, atópica e para crianças
- duração: aprox. 3 meses
- 12€

📩 envia mensagem para encomendar!

*biológico/orgânico"
20240209_C3JIS1ctvEb_03.jpg,Champôs,https://www.instagram.com/p/C3JIS1ctvEb/,2024-02-09,1440,1800,"🌱 champô sólido para crianças e para pele atópica 🌱
- com argila branca, manteiga de karité* e hidrolato de camomila*
- enriquecido com provitamina B5* 
- indicado para todo o tipo de cabelo (liso, encaracolado, pintado, alisado, etc.), para pele delicada, sensível, atópica e para crianças
- duração: aprox. 3 meses
- 12€

📩 envia mensagem para encomendar!

*biológico/orgânico"
20240209_C3JIS1ctvEb_04.jpg,Champôs,https://www.instagram.com/p/C3JIS1ctvEb/,2024-02-09,1440,1800,"🌱 champô sólido para crianças e para pele atópica 🌱
- com argila branca, manteiga de karité* e hidrolato de camomila*
- enriquecido com provitamina B5* 
- indicado para todo o tipo de cabelo (liso, encaracolado, pintado, alisado, etc.), para pele delicada, sensível, atópica e para crianças
- duração: aprox. 3 meses
- 12€

📩 envia mensagem para encomendar!

*biológico/orgânico"
20240227_C33NLj0t1xl_01.jpg,Velas,https://www.instagram.com/p/C33NLj0t1xl/,2024-02-27,1440,1800,"❣️ encomenda São Valentim ❣️

foi com muito carinho e entusiasmo que preparámos esta encomenda cheia de amor:

• uma vela de cera vegetal de soja, em casca de côco natural, óleo essencial de erva-príncipe e decoração natural personalizada. desta vez inovámos um pouco e adicionámos um pequeno coração em cera para tornar a vela ainda mais amorosa. também nos foi pedido que a vela tivesse uma mensagem pessoal...e foi assim que concretizámos o desejo ♡

• uma caixinha de metal, com 4 pequenas ceras, em forma de coração, com óleo essencial de lavanda, e decoração natural

sabias que a cera vegetal de soja pode ser usada em massagens? acende a tua vela, derrete as pequenas ceras e disfruta do aroma dos óleos essenciais e do conforto hidratante da cera 𖦹 

📩 envia mensagem para encomendar!"
20240227_C33NLj0t1xl_02.jpg,Velas,https://www.instagram.com/p/C33NLj0t1xl/,2024-02-27,1440,1800,"❣️ encomenda São Valentim ❣️

foi com muito carinho e entusiasmo que preparámos esta encomenda cheia de amor:

• uma vela de cera vegetal de soja, em casca de côco natural, óleo essencial de erva-príncipe e decoração natural personalizada. desta vez inovámos um pouco e adicionámos um pequeno coração em cera para tornar a vela ainda mais amorosa. também nos foi pedido que a vela tivesse uma mensagem pessoal...e foi assim que concretizámos o desejo ♡

• uma caixinha de metal, com 4 pequenas ceras, em forma de coração, com óleo essencial de lavanda, e decoração natural

sabias que a cera vegetal de soja pode ser usada em massagens? acende a tua vela, derrete as pequenas ceras e disfruta do aroma dos óleos essenciais e do conforto hidratante da cera 𖦹 

📩 envia mensagem para encomendar!"
20240227_C33NLj0t1xl_03.jpg,Velas,https://www.instagram.com/p/C33NLj0t1xl/,2024-02-27,1440,1800,"❣️ encomenda São Valentim ❣️

foi com muito carinho e entusiasmo que preparámos esta encomenda cheia de amor:

• uma vela de cera vegetal de soja, em casca de côco natural, óleo essencial de erva-príncipe e decoração natural personalizada. desta vez inovámos um pouco e adicionámos um pequeno coração em cera para tornar a vela ainda mais amorosa. também nos foi pedido que a vela tivesse uma mensagem pessoal...e foi assim que concretizámos o desejo ♡

• uma caixinha de metal, com 4 pequenas ceras, em forma de coração, com óleo essencial de lavanda, e decoração natural

sabias que a cera vegetal de soja pode ser usada em massagens? acende a tua vela, derrete as pequenas ceras e disfruta do aroma dos óleos essenciais e do conforto hidratante da cera 𖦹 

📩 envia mensagem para encomendar!"
20240410_C5lfFaANTk6_01.jpg,Velas | Outros,https://www.instagram.com/p/C5lfFaANTk6/,2024-04-10,1440,1800,"🪷 encomenda de aniversário e amizade 🪷
para o aniversário de 2 amigas, foi-nos pedido uma vela em casca de côco natural para cada uma, com mensagem escrita, decoração e aromas ao nosso gosto. assim, numa vela, usámos a mistura dos óleos essenciais de lavanda e de bergamota e, na outra, a mistura de erva-príncipe e gengibre;

para celebrar a amizade entre professora e alunas, preparámos 15 conjuntinhos de 3 ambientadores/ceras, cada um identificado com o seu cheiro (também ao nosso critério): canela, hortelã-pimenta e a mistura de limão/gengibre. 

estamos muito gratas por mais esta encomenda que voará até o Qatar! ꕥ 

📩 envia mensagem para encomendar!"
20240410_C5lfFaANTk6_02.jpg,Velas | Outros,https://www.instagram.com/p/C5lfFaANTk6/,2024-04-10,1440,1800,"🪷 encomenda de aniversário e amizade 🪷
para o aniversário de 2 amigas, foi-nos pedido uma vela em casca de côco natural para cada uma, com mensagem escrita, decoração e aromas ao nosso gosto. assim, numa vela, usámos a mistura dos óleos essenciais de lavanda e de bergamota e, na outra, a mistura de erva-príncipe e gengibre;

para celebrar a amizade entre professora e alunas, preparámos 15 conjuntinhos de 3 ambientadores/ceras, cada um identificado com o seu cheiro (também ao nosso critério): canela, hortelã-pimenta e a mistura de limão/gengibre. 

estamos muito gratas por mais esta encomenda que voará até o Qatar! ꕥ 

📩 envia mensagem para encomendar!"
20240410_C5lfFaANTk6_03.jpg,Velas | Outros,https://www.instagram.com/p/C5lfFaANTk6/,2024-04-10,1440,1800,"🪷 encomenda de aniversário e amizade 🪷
para o aniversário de 2 amigas, foi-nos pedido uma vela em casca de côco natural para cada uma, com mensagem escrita, decoração e aromas ao nosso gosto. assim, numa vela, usámos a mistura dos óleos essenciais de lavanda e de bergamota e, na outra, a mistura de erva-príncipe e gengibre;

para celebrar a amizade entre professora e alunas, preparámos 15 conjuntinhos de 3 ambientadores/ceras, cada um identificado com o seu cheiro (também ao nosso critério): canela, hortelã-pimenta e a mistura de limão/gengibre. 

estamos muito gratas por mais esta encomenda que voará até o Qatar! ꕥ 

📩 envia mensagem para encomendar!"
20240410_C5lfFaANTk6_04.jpg,Velas | Outros,https://www.instagram.com/p/C5lfFaANTk6/,2024-04-10,1440,1800,"🪷 encomenda de aniversário e amizade 🪷
para o aniversário de 2 amigas, foi-nos pedido uma vela em casca de côco natural para cada uma, com mensagem escrita, decoração e aromas ao nosso gosto. assim, numa vela, usámos a mistura dos óleos essenciais de lavanda e de bergamota e, na outra, a mistura de erva-príncipe e gengibre;

para celebrar a amizade entre professora e alunas, preparámos 15 conjuntinhos de 3 ambientadores/ceras, cada um identificado com o seu cheiro (também ao nosso critério): canela, hortelã-pimenta e a mistura de limão/gengibre. 

estamos muito gratas por mais esta encomenda que voará até o Qatar! ꕥ 

📩 envia mensagem para encomendar!"
20240410_C5lfFaANTk6_05.jpg,Velas | Outros,https://www.instagram.com/p/C5lfFaANTk6/,2024-04-10,1440,1800,"🪷 encomenda de aniversário e amizade 🪷
para o aniversário de 2 amigas, foi-nos pedido uma vela em casca de côco natural para cada uma, com mensagem escrita, decoração e aromas ao nosso gosto. assim, numa vela, usámos a mistura dos óleos essenciais de lavanda e de bergamota e, na outra, a mistura de erva-príncipe e gengibre;

para celebrar a amizade entre professora e alunas, preparámos 15 conjuntinhos de 3 ambientadores/ceras, cada um identificado com o seu cheiro (também ao nosso critério): canela, hortelã-pimenta e a mistura de limão/gengibre. 

estamos muito gratas por mais esta encomenda que voará até o Qatar! ꕥ 

📩 envia mensagem para encomendar!"
20240410_C5lfFaANTk6_06.jpg,Velas | Outros,https://www.instagram.com/p/C5lfFaANTk6/,2024-04-10,1440,1800,"🪷 encomenda de aniversário e amizade 🪷
para o aniversário de 2 amigas, foi-nos pedido uma vela em casca de côco natural para cada uma, com mensagem escrita, decoração e aromas ao nosso gosto. assim, numa vela, usámos a mistura dos óleos essenciais de lavanda e de bergamota e, na outra, a mistura de erva-príncipe e gengibre;

para celebrar a amizade entre professora e alunas, preparámos 15 conjuntinhos de 3 ambientadores/ceras, cada um identificado com o seu cheiro (também ao nosso critério): canela, hortelã-pimenta e a mistura de limão/gengibre. 

estamos muito gratas por mais esta encomenda que voará até o Qatar! ꕥ 

📩 envia mensagem para encomendar!"
20240318_C4qmRYfNk7p_01.jpg,Champôs | Cuidado Capilar | Sabonetes,https://www.instagram.com/p/C4qmRYfNk7p/,2024-03-18,1440,1800,"🌱 saboneteiras feitas à mão 🌱
uma colaboração @lu.crescente & @tiart.handmade 

- a partir de agora, podes escolher e encomendar a tua saboneteira para guardares, da melhor forma, os teus produtos de higiene @lu.crescente: o teu champô sólido, o teu amaciador/condicionador sólido, o teu sabonete de corpo...as saboneteiras @tiart.handmade têm o tamanho ideal para o teu conjunto de banho!
- com furinhos para escoar a água, e, assim conservar os teus produtos por mais tempo.
- 10€

* totalmente feitas à mão, podem ser personalizadas: cor, decoração, tamanho... *

📩 envia mensagem para encomendar!"
20240318_C4qmRYfNk7p_02.jpg,Champôs | Cuidado Capilar | Sabonetes,https://www.instagram.com/p/C4qmRYfNk7p/,2024-03-18,1440,1800,"🌱 saboneteiras feitas à mão 🌱
uma colaboração @lu.crescente & @tiart.handmade 

- a partir de agora, podes escolher e encomendar a tua saboneteira para guardares, da melhor forma, os teus produtos de higiene @lu.crescente: o teu champô sólido, o teu amaciador/condicionador sólido, o teu sabonete de corpo...as saboneteiras @tiart.handmade têm o tamanho ideal para o teu conjunto de banho!
- com furinhos para escoar a água, e, assim conservar os teus produtos por mais tempo.
- 10€

* totalmente feitas à mão, podem ser personalizadas: cor, decoração, tamanho... *

📩 envia mensagem para encomendar!"
20240318_C4qmRYfNk7p_03.jpg,Champôs | Cuidado Capilar | Sabonetes,https://www.instagram.com/p/C4qmRYfNk7p/,2024-03-18,1440,1800,"🌱 saboneteiras feitas à mão 🌱
uma colaboração @lu.crescente & @tiart.handmade 

- a partir de agora, podes escolher e encomendar a tua saboneteira para guardares, da melhor forma, os teus produtos de higiene @lu.crescente: o teu champô sólido, o teu amaciador/condicionador sólido, o teu sabonete de corpo...as saboneteiras @tiart.handmade têm o tamanho ideal para o teu conjunto de banho!
- com furinhos para escoar a água, e, assim conservar os teus produtos por mais tempo.
- 10€

* totalmente feitas à mão, podem ser personalizadas: cor, decoração, tamanho... *

📩 envia mensagem para encomendar!"
20240318_C4qmRYfNk7p_04.jpg,Champôs | Cuidado Capilar | Sabonetes,https://www.instagram.com/p/C4qmRYfNk7p/,2024-03-18,1440,1800,"🌱 saboneteiras feitas à mão 🌱
uma colaboração @lu.crescente & @tiart.handmade 

- a partir de agora, podes escolher e encomendar a tua saboneteira para guardares, da melhor forma, os teus produtos de higiene @lu.crescente: o teu champô sólido, o teu amaciador/condicionador sólido, o teu sabonete de corpo...as saboneteiras @tiart.handmade têm o tamanho ideal para o teu conjunto de banho!
- com furinhos para escoar a água, e, assim conservar os teus produtos por mais tempo.
- 10€

* totalmente feitas à mão, podem ser personalizadas: cor, decoração, tamanho... *

📩 envia mensagem para encomendar!"
20240318_C4qmRYfNk7p_05.jpg,Champôs | Cuidado Capilar | Sabonetes,https://www.instagram.com/p/C4qmRYfNk7p/,2024-03-18,1440,1800,"🌱 saboneteiras feitas à mão 🌱
uma colaboração @lu.crescente & @tiart.handmade 

- a partir de agora, podes escolher e encomendar a tua saboneteira para guardares, da melhor forma, os teus produtos de higiene @lu.crescente: o teu champô sólido, o teu amaciador/condicionador sólido, o teu sabonete de corpo...as saboneteiras @tiart.handmade têm o tamanho ideal para o teu conjunto de banho!
- com furinhos para escoar a água, e, assim conservar os teus produtos por mais tempo.
- 10€

* totalmente feitas à mão, podem ser personalizadas: cor, decoração, tamanho... *

📩 envia mensagem para encomendar!"
20240318_C4qmRYfNk7p_06.jpg,Champôs | Cuidado Capilar | Sabonetes,https://www.instagram.com/p/C4qmRYfNk7p/,2024-03-18,1440,1800,"🌱 saboneteiras feitas à mão 🌱
uma colaboração @lu.crescente & @tiart.handmade 

- a partir de agora, podes escolher e encomendar a tua saboneteira para guardares, da melhor forma, os teus produtos de higiene @lu.crescente: o teu champô sólido, o teu amaciador/condicionador sólido, o teu sabonete de corpo...as saboneteiras @tiart.handmade têm o tamanho ideal para o teu conjunto de banho!
- com furinhos para escoar a água, e, assim conservar os teus produtos por mais tempo.
- 10€

* totalmente feitas à mão, podem ser personalizadas: cor, decoração, tamanho... *

📩 envia mensagem para encomendar!"
20240125_C2hZyv2tU7z_01.jpg,Velas,https://www.instagram.com/p/C2hZyv2tU7z/,2024-01-25,480,600,"🍃 o antes e o depois 🍃
se tens um frasco, um vaso ou um copo de que gostas muito, nós reutilizamo-lo e fazemos uma nova vela para ti: por mais saúde e mais sustentabilidade!
- vela de cera natural de soja e óleo essencial de canela, decoração natural e brilhantes dourados ecológicos

já entregue, muito obrigada pela confiança ♡ (podes ver outros exemplos de reutilização no destaque ""criações"")

📩 envia mensagem para encomendar!"
20240125_C2hZyv2tU7z_02.jpg,Velas,https://www.instagram.com/p/C2hZyv2tU7z/,2024-01-25,480,600,"🍃 o antes e o depois 🍃
se tens um frasco, um vaso ou um copo de que gostas muito, nós reutilizamo-lo e fazemos uma nova vela para ti: por mais saúde e mais sustentabilidade!
- vela de cera natural de soja e óleo essencial de canela, decoração natural e brilhantes dourados ecológicos

já entregue, muito obrigada pela confiança ♡ (podes ver outros exemplos de reutilização no destaque ""criações"")

📩 envia mensagem para encomendar!"
20240125_C2hZyv2tU7z_03.jpg,Velas,https://www.instagram.com/p/C2hZyv2tU7z/,2024-01-25,1440,1800,"🍃 o antes e o depois 🍃
se tens um frasco, um vaso ou um copo de que gostas muito, nós reutilizamo-lo e fazemos uma nova vela para ti: por mais saúde e mais sustentabilidade!
- vela de cera natural de soja e óleo essencial de canela, decoração natural e brilhantes dourados ecológicos

já entregue, muito obrigada pela confiança ♡ (podes ver outros exemplos de reutilização no destaque ""criações"")

📩 envia mensagem para encomendar!"
20240125_C2hZyv2tU7z_04.jpg,Velas,https://www.instagram.com/p/C2hZyv2tU7z/,2024-01-25,1440,1800,"🍃 o antes e o depois 🍃
se tens um frasco, um vaso ou um copo de que gostas muito, nós reutilizamo-lo e fazemos uma nova vela para ti: por mais saúde e mais sustentabilidade!
- vela de cera natural de soja e óleo essencial de canela, decoração natural e brilhantes dourados ecológicos

já entregue, muito obrigada pela confiança ♡ (podes ver outros exemplos de reutilização no destaque ""criações"")

📩 envia mensagem para encomendar!"
20240324_C452Mm5tG5u_01.jpg,_por_rever,https://www.instagram.com/p/C452Mm5tG5u/,2024-03-24,439,585,"agora a @lu.crescente faz parte da Associação dos Artesãos de Pombal (ADAP) e, sempre que possível, no 1° sábado de cada mês, estará presente na Feirinha do Cardal. ontem foi a nossa estreia e estamos de coração cheio. muito obrigada por confiar nos nossos produtos, por gostar e por nos fazer crescer 🌸🌿"
20240417_C53zaMjtZ0e_01.jpg,Velas,https://www.instagram.com/p/C53zaMjtZ0e/,2024-04-17,1440,1800,"🪷 velas coloridas de cera vegetal de soja 🪷
cor-de-rosa escuro, cor-de-rosa claro, salmão, vermelho...uma palete de cores vibrantes para as tuas velas!

com ou sem mensagem escrita, com mais ou menos brilho, com flores secas, com conchas, com um ou dois óleos essenciais, escolhe o que preferes e nós personalizamos ao teu gosto 𖦹

o que achas desta nova ideia para as tuas velas? 

Nota: apesar de estes corantes serem totalmente seguros para a tua saúde, aconselhamos a não usar estas velas coloridas para massagens, uma vez que poderiam provocar a secura da pele.

📩 envia mensagem para encomendar!"
20240417_C53zaMjtZ0e_02.jpg,Velas,https://www.instagram.com/p/C53zaMjtZ0e/,2024-04-17,1439,1798,"🪷 velas coloridas de cera vegetal de soja 🪷
cor-de-rosa escuro, cor-de-rosa claro, salmão, vermelho...uma palete de cores vibrantes para as tuas velas!

com ou sem mensagem escrita, com mais ou menos brilho, com flores secas, com conchas, com um ou dois óleos essenciais, escolhe o que preferes e nós personalizamos ao teu gosto 𖦹

o que achas desta nova ideia para as tuas velas? 

Nota: apesar de estes corantes serem totalmente seguros para a tua saúde, aconselhamos a não usar estas velas coloridas para massagens, uma vez que poderiam provocar a secura da pele.

📩 envia mensagem para encomendar!"
20240417_C53zaMjtZ0e_03.jpg,Velas,https://www.instagram.com/p/C53zaMjtZ0e/,2024-04-17,1440,1800,"🪷 velas coloridas de cera vegetal de soja 🪷
cor-de-rosa escuro, cor-de-rosa claro, salmão, vermelho...uma palete de cores vibrantes para as tuas velas!

com ou sem mensagem escrita, com mais ou menos brilho, com flores secas, com conchas, com um ou dois óleos essenciais, escolhe o que preferes e nós personalizamos ao teu gosto 𖦹

o que achas desta nova ideia para as tuas velas? 

Nota: apesar de estes corantes serem totalmente seguros para a tua saúde, aconselhamos a não usar estas velas coloridas para massagens, uma vez que poderiam provocar a secura da pele.

📩 envia mensagem para encomendar!"
20240417_C53zaMjtZ0e_04.jpg,Velas,https://www.instagram.com/p/C53zaMjtZ0e/,2024-04-17,1440,1800,"🪷 velas coloridas de cera vegetal de soja 🪷
cor-de-rosa escuro, cor-de-rosa claro, salmão, vermelho...uma palete de cores vibrantes para as tuas velas!

com ou sem mensagem escrita, com mais ou menos brilho, com flores secas, com conchas, com um ou dois óleos essenciais, escolhe o que preferes e nós personalizamos ao teu gosto 𖦹

o que achas desta nova ideia para as tuas velas? 

Nota: apesar de estes corantes serem totalmente seguros para a tua saúde, aconselhamos a não usar estas velas coloridas para massagens, uma vez que poderiam provocar a secura da pele.

📩 envia mensagem para encomendar!"
20240417_C53zaMjtZ0e_05.jpg,Velas,https://www.instagram.com/p/C53zaMjtZ0e/,2024-04-17,1439,1798,"🪷 velas coloridas de cera vegetal de soja 🪷
cor-de-rosa escuro, cor-de-rosa claro, salmão, vermelho...uma palete de cores vibrantes para as tuas velas!

com ou sem mensagem escrita, com mais ou menos brilho, com flores secas, com conchas, com um ou dois óleos essenciais, escolhe o que preferes e nós personalizamos ao teu gosto 𖦹

o que achas desta nova ideia para as tuas velas? 

Nota: apesar de estes corantes serem totalmente seguros para a tua saúde, aconselhamos a não usar estas velas coloridas para massagens, uma vez que poderiam provocar a secura da pele.

📩 envia mensagem para encomendar!"
20240417_C53zaMjtZ0e_06.jpg,Velas,https://www.instagram.com/p/C53zaMjtZ0e/,2024-04-17,1440,1800,"🪷 velas coloridas de cera vegetal de soja 🪷
cor-de-rosa escuro, cor-de-rosa claro, salmão, vermelho...uma palete de cores vibrantes para as tuas velas!

com ou sem mensagem escrita, com mais ou menos brilho, com flores secas, com conchas, com um ou dois óleos essenciais, escolhe o que preferes e nós personalizamos ao teu gosto 𖦹

o que achas desta nova ideia para as tuas velas? 

Nota: apesar de estes corantes serem totalmente seguros para a tua saúde, aconselhamos a não usar estas velas coloridas para massagens, uma vez que poderiam provocar a secura da pele.

📩 envia mensagem para encomendar!"
20240417_C53zaMjtZ0e_07.jpg,Velas,https://www.instagram.com/p/C53zaMjtZ0e/,2024-04-17,1440,1800,"🪷 velas coloridas de cera vegetal de soja 🪷
cor-de-rosa escuro, cor-de-rosa claro, salmão, vermelho...uma palete de cores vibrantes para as tuas velas!

com ou sem mensagem escrita, com mais ou menos brilho, com flores secas, com conchas, com um ou dois óleos essenciais, escolhe o que preferes e nós personalizamos ao teu gosto 𖦹

o que achas desta nova ideia para as tuas velas? 

Nota: apesar de estes corantes serem totalmente seguros para a tua saúde, aconselhamos a não usar estas velas coloridas para massagens, uma vez que poderiam provocar a secura da pele.

📩 envia mensagem para encomendar!"
20240417_C53zaMjtZ0e_08.jpg,Velas,https://www.instagram.com/p/C53zaMjtZ0e/,2024-04-17,1440,1800,"🪷 velas coloridas de cera vegetal de soja 🪷
cor-de-rosa escuro, cor-de-rosa claro, salmão, vermelho...uma palete de cores vibrantes para as tuas velas!

com ou sem mensagem escrita, com mais ou menos brilho, com flores secas, com conchas, com um ou dois óleos essenciais, escolhe o que preferes e nós personalizamos ao teu gosto 𖦹

o que achas desta nova ideia para as tuas velas? 

Nota: apesar de estes corantes serem totalmente seguros para a tua saúde, aconselhamos a não usar estas velas coloridas para massagens, uma vez que poderiam provocar a secura da pele.

📩 envia mensagem para encomendar!"
20240417_C53zaMjtZ0e_09.jpg,Velas,https://www.instagram.com/p/C53zaMjtZ0e/,2024-04-17,1200,1500,"🪷 velas coloridas de cera vegetal de soja 🪷
cor-de-rosa escuro, cor-de-rosa claro, salmão, vermelho...uma palete de cores vibrantes para as tuas velas!

com ou sem mensagem escrita, com mais ou menos brilho, com flores secas, com conchas, com um ou dois óleos essenciais, escolhe o que preferes e nós personalizamos ao teu gosto 𖦹

o que achas desta nova ideia para as tuas velas? 

Nota: apesar de estes corantes serem totalmente seguros para a tua saúde, aconselhamos a não usar estas velas coloridas para massagens, uma vez que poderiam provocar a secura da pele.

📩 envia mensagem para encomendar!"
20231021_CyqteYStm7T_01.jpg,Cuidado Capilar,https://www.instagram.com/p/CyqteYStm7T/,2023-10-21,1440,1440,"🌱 máscara capilar hidratante e nutritiva 🌱
- com óleo de côco* e óleo essencial de alecrim e limão (para o fortalecimento e o crescimento capilar)
- para uso semanal
- duração aprox.: 3 meses
- boião de 120ml aprox.
- 6€ (preço ajustável a outras quantidades) 

📩 envia mensagem para encomendar!

*biológico/orgânico"
20231021_CyqteYStm7T_02.jpg,Cuidado Capilar,https://www.instagram.com/p/CyqteYStm7T/,2023-10-21,1440,1440,"🌱 máscara capilar hidratante e nutritiva 🌱
- com óleo de côco* e óleo essencial de alecrim e limão (para o fortalecimento e o crescimento capilar)
- para uso semanal
- duração aprox.: 3 meses
- boião de 120ml aprox.
- 6€ (preço ajustável a outras quantidades) 

📩 envia mensagem para encomendar!

*biológico/orgânico"
20231021_CyqteYStm7T_03.jpg,Cuidado Capilar,https://www.instagram.com/p/CyqteYStm7T/,2023-10-21,1440,1440,"🌱 máscara capilar hidratante e nutritiva 🌱
- com óleo de côco* e óleo essencial de alecrim e limão (para o fortalecimento e o crescimento capilar)
- para uso semanal
- duração aprox.: 3 meses
- boião de 120ml aprox.
- 6€ (preço ajustável a outras quantidades) 

📩 envia mensagem para encomendar!

*biológico/orgânico"
20231101_CzHK9lNNJmQ_01.jpg,_por_rever,https://www.instagram.com/p/CzHK9lNNJmQ/,2023-11-01,1440,1440,"🌱 informações adicionais 🌱

- parabenos: podem desencadear reações alérgicas, irritações e sensibilização cutânea

- sais: contribuem para a perda da camada protetora e para o levantamento das cutículas do cabelo (o cabelo fica áspero, seco e difícil de pentear)

- sulfatos: podem causar irritações, vermelhidão e ressecamento (o cabelo fica seco e quebradiço), assim como alterar o pH do couro cabeludo

📩 fazemos envios por correio!"
20231101_CzHK9lNNJmQ_02.jpg,_por_rever,https://www.instagram.com/p/CzHK9lNNJmQ/,2023-11-01,1440,1440,"🌱 informações adicionais 🌱

- parabenos: podem desencadear reações alérgicas, irritações e sensibilização cutânea

- sais: contribuem para a perda da camada protetora e para o levantamento das cutículas do cabelo (o cabelo fica áspero, seco e difícil de pentear)

- sulfatos: podem causar irritações, vermelhidão e ressecamento (o cabelo fica seco e quebradiço), assim como alterar o pH do couro cabeludo

📩 fazemos envios por correio!"
20231101_CzHK9lNNJmQ_03.jpg,_por_rever,https://www.instagram.com/p/CzHK9lNNJmQ/,2023-11-01,1080,1080,"🌱 informações adicionais 🌱

- parabenos: podem desencadear reações alérgicas, irritações e sensibilização cutânea

- sais: contribuem para a perda da camada protetora e para o levantamento das cutículas do cabelo (o cabelo fica áspero, seco e difícil de pentear)

- sulfatos: podem causar irritações, vermelhidão e ressecamento (o cabelo fica seco e quebradiço), assim como alterar o pH do couro cabeludo

📩 fazemos envios por correio!"
20231101_CzHK9lNNJmQ_04.jpg,_por_rever,https://www.instagram.com/p/CzHK9lNNJmQ/,2023-11-01,1440,1440,"🌱 informações adicionais 🌱

- parabenos: podem desencadear reações alérgicas, irritações e sensibilização cutânea

- sais: contribuem para a perda da camada protetora e para o levantamento das cutículas do cabelo (o cabelo fica áspero, seco e difícil de pentear)

- sulfatos: podem causar irritações, vermelhidão e ressecamento (o cabelo fica seco e quebradiço), assim como alterar o pH do couro cabeludo

📩 fazemos envios por correio!"
20230715_CuuQPSAtkbY_01.jpg,Desodorizantes,https://www.instagram.com/p/CuuQPSAtkbY/,2023-07-15,1440,1440,"🌱 desodorizante em creme 🌱
- com manteiga de karité* para a hidratação das axilas
- 2 opções: óleo essencial de lavanda e de palmarosa ou óleo essencial de erva-príncipe e de tea tree 
- sem alumínio nem álcool
- os ingredientes podem ser adaptados de acordo com o tipo de pele, o suor e/ou o perfume 
- quantidade aproximada: 85/90ml
- 5,50€ (preço ajustável à quantidade desejada)

📩 envia mensagem para encomendar!

*biológico/orgânico"
20230715_CuuQPSAtkbY_02.jpg,Desodorizantes,https://www.instagram.com/p/CuuQPSAtkbY/,2023-07-15,1440,1440,"🌱 desodorizante em creme 🌱
- com manteiga de karité* para a hidratação das axilas
- 2 opções: óleo essencial de lavanda e de palmarosa ou óleo essencial de erva-príncipe e de tea tree 
- sem alumínio nem álcool
- os ingredientes podem ser adaptados de acordo com o tipo de pele, o suor e/ou o perfume 
- quantidade aproximada: 85/90ml
- 5,50€ (preço ajustável à quantidade desejada)

📩 envia mensagem para encomendar!

*biológico/orgânico"
20230715_CuuQPSAtkbY_03.jpg,Desodorizantes,https://www.instagram.com/p/CuuQPSAtkbY/,2023-07-15,1440,1440,"🌱 desodorizante em creme 🌱
- com manteiga de karité* para a hidratação das axilas
- 2 opções: óleo essencial de lavanda e de palmarosa ou óleo essencial de erva-príncipe e de tea tree 
- sem alumínio nem álcool
- os ingredientes podem ser adaptados de acordo com o tipo de pele, o suor e/ou o perfume 
- quantidade aproximada: 85/90ml
- 5,50€ (preço ajustável à quantidade desejada)

📩 envia mensagem para encomendar!

*biológico/orgânico"
20230603_CtB6EsltWbE_01.jpg,Champôs,https://www.instagram.com/p/CtB6EsltWbE/,2023-06-03,1440,1440,"🌱 champô sólido para cabelo seco/ couro cabeludo sensível 🌱
- com argila branca, aveia*, côco*, hidrolato de lavanda* e óleo essencial de lavanda
- enriquecido com provitamina B5*
- indicado para todo o tipo de cabelos (liso, encaracolado, pintado, alisado, etc.) e para couro cabeludo sensível e reativo: caspa, eczema, escamação, comichão, prurido...
- duração aprox.: 3 meses
- 12€

📩 envia mensagem para encomendar!

*biológico/orgânico"
20230603_CtB6EsltWbE_02.jpg,Champôs,https://www.instagram.com/p/CtB6EsltWbE/,2023-06-03,1200,1200,"🌱 champô sólido para cabelo seco/ couro cabeludo sensível 🌱
- com argila branca, aveia*, côco*, hidrolato de lavanda* e óleo essencial de lavanda
- enriquecido com provitamina B5*
- indicado para todo o tipo de cabelos (liso, encaracolado, pintado, alisado, etc.) e para couro cabeludo sensível e reativo: caspa, eczema, escamação, comichão, prurido...
- duração aprox.: 3 meses
- 12€

📩 envia mensagem para encomendar!

*biológico/orgânico"
20230603_CtB6EsltWbE_03.jpg,Champôs,https://www.instagram.com/p/CtB6EsltWbE/,2023-06-03,1200,1200,"🌱 champô sólido para cabelo seco/ couro cabeludo sensível 🌱
- com argila branca, aveia*, côco*, hidrolato de lavanda* e óleo essencial de lavanda
- enriquecido com provitamina B5*
- indicado para todo o tipo de cabelos (liso, encaracolado, pintado, alisado, etc.) e para couro cabeludo sensível e reativo: caspa, eczema, escamação, comichão, prurido...
- duração aprox.: 3 meses
- 12€

📩 envia mensagem para encomendar!

*biológico/orgânico"
20240113_C2DeIr5N1JD_01.jpg,Champôs | Sabonetes | Velas | Outros,https://www.instagram.com/p/C2DeIr5N1JD/,2024-01-13,1440,1440,"🎄 primeira encomenda do dia dos reis (com foto ternurenta, no final, da chegada ao destino)🎄

3 velas em copos de vidro, decoração natural:
• óleo essencial de lavanda e de palmarosa
• óleo essencial de alecrim e de limão 
• óleo essencial de ylang-ylang e de bergamota

15 ambientadores:
• 5 com óleo essencial de erva-príncipe 
• 5 com óleo essencial de lavanda
• 5 com óleo essencial de hortelã-pimenta 

10 sabonetes de rosto com aloe vera, sementes de papoila e óleo essencial de lavanda 

1 champô sólido para couro cabeludo sensível 

esta encomenda viajou até espanha, para festejar o dia dos reis, dia em que se faz a troca de presentes nesse país. juntamente à encomenda, foi uma borboleta-íman de @arte_mosaico_ 🦋 

📩 envia mensagem para encomendar"
20240113_C2DeIr5N1JD_02.jpg,Champôs | Sabonetes | Velas | Outros,https://www.instagram.com/p/C2DeIr5N1JD/,2024-01-13,1440,1440,"🎄 primeira encomenda do dia dos reis (com foto ternurenta, no final, da chegada ao destino)🎄

3 velas em copos de vidro, decoração natural:
• óleo essencial de lavanda e de palmarosa
• óleo essencial de alecrim e de limão 
• óleo essencial de ylang-ylang e de bergamota

15 ambientadores:
• 5 com óleo essencial de erva-príncipe 
• 5 com óleo essencial de lavanda
• 5 com óleo essencial de hortelã-pimenta 

10 sabonetes de rosto com aloe vera, sementes de papoila e óleo essencial de lavanda 

1 champô sólido para couro cabeludo sensível 

esta encomenda viajou até espanha, para festejar o dia dos reis, dia em que se faz a troca de presentes nesse país. juntamente à encomenda, foi uma borboleta-íman de @arte_mosaico_ 🦋 

📩 envia mensagem para encomendar"
20240113_C2DeIr5N1JD_03.jpg,Champôs | Sabonetes | Velas | Outros,https://www.instagram.com/p/C2DeIr5N1JD/,2024-01-13,1440,1440,"🎄 primeira encomenda do dia dos reis (com foto ternurenta, no final, da chegada ao destino)🎄

3 velas em copos de vidro, decoração natural:
• óleo essencial de lavanda e de palmarosa
• óleo essencial de alecrim e de limão 
• óleo essencial de ylang-ylang e de bergamota

15 ambientadores:
• 5 com óleo essencial de erva-príncipe 
• 5 com óleo essencial de lavanda
• 5 com óleo essencial de hortelã-pimenta 

10 sabonetes de rosto com aloe vera, sementes de papoila e óleo essencial de lavanda 

1 champô sólido para couro cabeludo sensível 

esta encomenda viajou até espanha, para festejar o dia dos reis, dia em que se faz a troca de presentes nesse país. juntamente à encomenda, foi uma borboleta-íman de @arte_mosaico_ 🦋 

📩 envia mensagem para encomendar"
20240113_C2DeIr5N1JD_04.jpg,Champôs | Sabonetes | Velas | Outros,https://www.instagram.com/p/C2DeIr5N1JD/,2024-01-13,1440,1440,"🎄 primeira encomenda do dia dos reis (com foto ternurenta, no final, da chegada ao destino)🎄

3 velas em copos de vidro, decoração natural:
• óleo essencial de lavanda e de palmarosa
• óleo essencial de alecrim e de limão 
• óleo essencial de ylang-ylang e de bergamota

15 ambientadores:
• 5 com óleo essencial de erva-príncipe 
• 5 com óleo essencial de lavanda
• 5 com óleo essencial de hortelã-pimenta 

10 sabonetes de rosto com aloe vera, sementes de papoila e óleo essencial de lavanda 

1 champô sólido para couro cabeludo sensível 

esta encomenda viajou até espanha, para festejar o dia dos reis, dia em que se faz a troca de presentes nesse país. juntamente à encomenda, foi uma borboleta-íman de @arte_mosaico_ 🦋 

📩 envia mensagem para encomendar"
20240113_C2DeIr5N1JD_05.jpg,Champôs | Sabonetes | Velas | Outros,https://www.instagram.com/p/C2DeIr5N1JD/,2024-01-13,1440,1440,"🎄 primeira encomenda do dia dos reis (com foto ternurenta, no final, da chegada ao destino)🎄

3 velas em copos de vidro, decoração natural:
• óleo essencial de lavanda e de palmarosa
• óleo essencial de alecrim e de limão 
• óleo essencial de ylang-ylang e de bergamota

15 ambientadores:
• 5 com óleo essencial de erva-príncipe 
• 5 com óleo essencial de lavanda
• 5 com óleo essencial de hortelã-pimenta 

10 sabonetes de rosto com aloe vera, sementes de papoila e óleo essencial de lavanda 

1 champô sólido para couro cabeludo sensível 

esta encomenda viajou até espanha, para festejar o dia dos reis, dia em que se faz a troca de presentes nesse país. juntamente à encomenda, foi uma borboleta-íman de @arte_mosaico_ 🦋 

📩 envia mensagem para encomendar"
20240113_C2DeIr5N1JD_06.jpg,Champôs | Sabonetes | Velas | Outros,https://www.instagram.com/p/C2DeIr5N1JD/,2024-01-13,1440,1440,"🎄 primeira encomenda do dia dos reis (com foto ternurenta, no final, da chegada ao destino)🎄

3 velas em copos de vidro, decoração natural:
• óleo essencial de lavanda e de palmarosa
• óleo essencial de alecrim e de limão 
• óleo essencial de ylang-ylang e de bergamota

15 ambientadores:
• 5 com óleo essencial de erva-príncipe 
• 5 com óleo essencial de lavanda
• 5 com óleo essencial de hortelã-pimenta 

10 sabonetes de rosto com aloe vera, sementes de papoila e óleo essencial de lavanda 

1 champô sólido para couro cabeludo sensível 

esta encomenda viajou até espanha, para festejar o dia dos reis, dia em que se faz a troca de presentes nesse país. juntamente à encomenda, foi uma borboleta-íman de @arte_mosaico_ 🦋 

📩 envia mensagem para encomendar"
20240113_C2DeIr5N1JD_07.jpg,Champôs | Sabonetes | Velas | Outros,https://www.instagram.com/p/C2DeIr5N1JD/,2024-01-13,1440,1440,"🎄 primeira encomenda do dia dos reis (com foto ternurenta, no final, da chegada ao destino)🎄

3 velas em copos de vidro, decoração natural:
• óleo essencial de lavanda e de palmarosa
• óleo essencial de alecrim e de limão 
• óleo essencial de ylang-ylang e de bergamota

15 ambientadores:
• 5 com óleo essencial de erva-príncipe 
• 5 com óleo essencial de lavanda
• 5 com óleo essencial de hortelã-pimenta 

10 sabonetes de rosto com aloe vera, sementes de papoila e óleo essencial de lavanda 

1 champô sólido para couro cabeludo sensível 

esta encomenda viajou até espanha, para festejar o dia dos reis, dia em que se faz a troca de presentes nesse país. juntamente à encomenda, foi uma borboleta-íman de @arte_mosaico_ 🦋 

📩 envia mensagem para encomendar"
20240113_C2DeIr5N1JD_08.jpg,Champôs | Sabonetes | Velas | Outros,https://www.instagram.com/p/C2DeIr5N1JD/,2024-01-13,1076,1076,"🎄 primeira encomenda do dia dos reis (com foto ternurenta, no final, da chegada ao destino)🎄

3 velas em copos de vidro, decoração natural:
• óleo essencial de lavanda e de palmarosa
• óleo essencial de alecrim e de limão 
• óleo essencial de ylang-ylang e de bergamota

15 ambientadores:
• 5 com óleo essencial de erva-príncipe 
• 5 com óleo essencial de lavanda
• 5 com óleo essencial de hortelã-pimenta 

10 sabonetes de rosto com aloe vera, sementes de papoila e óleo essencial de lavanda 

1 champô sólido para couro cabeludo sensível 

esta encomenda viajou até espanha, para festejar o dia dos reis, dia em que se faz a troca de presentes nesse país. juntamente à encomenda, foi uma borboleta-íman de @arte_mosaico_ 🦋 

📩 envia mensagem para encomendar"
20231004_Cx-0qoaNhjq_01.jpg,Cuidado Capilar,https://www.instagram.com/p/Cx-0qoaNhjq/,2023-10-04,1440,1440,"🌱 amaciador sólido hidratante e nutritivo 🌱
- com manteiga de karité*, óleo vegetal de amêndoas doces, óleo vegetal de argão*, óleo essencial de lavanda
- enriquecido com óleo de abacate* e vitamina E
- indicado para todos os tipos de cabelo (seco, oleoso, normal, liso, encaracolado, etc.)
- duração aprox.: 5-6 meses
- 15€

📩 envia mensagem para encomendar!

*biológico/orgânico"
20231004_Cx-0qoaNhjq_02.jpg,Cuidado Capilar,https://www.instagram.com/p/Cx-0qoaNhjq/,2023-10-04,1440,1440,"🌱 amaciador sólido hidratante e nutritivo 🌱
- com manteiga de karité*, óleo vegetal de amêndoas doces, óleo vegetal de argão*, óleo essencial de lavanda
- enriquecido com óleo de abacate* e vitamina E
- indicado para todos os tipos de cabelo (seco, oleoso, normal, liso, encaracolado, etc.)
- duração aprox.: 5-6 meses
- 15€

📩 envia mensagem para encomendar!

*biológico/orgânico"
20231004_Cx-0qoaNhjq_03.jpg,Cuidado Capilar,https://www.instagram.com/p/Cx-0qoaNhjq/,2023-10-04,1440,1440,"🌱 amaciador sólido hidratante e nutritivo 🌱
- com manteiga de karité*, óleo vegetal de amêndoas doces, óleo vegetal de argão*, óleo essencial de lavanda
- enriquecido com óleo de abacate* e vitamina E
- indicado para todos os tipos de cabelo (seco, oleoso, normal, liso, encaracolado, etc.)
- duração aprox.: 5-6 meses
- 15€

📩 envia mensagem para encomendar!

*biológico/orgânico"
20231009_CyL9A9Kt26J_01.jpg,Batons,https://www.instagram.com/p/CyL9A9Kt26J/,2023-10-09,1440,1440,"🌱 bálsamo labial hidratante e nutritivo 🌱
- com manteiga de cacau, óleo vegetal de amêndoas doces, e cera de abelha/cera de soja natural
- com ou sem óleo essencial (consoante a preferência)
- para uso diário 
- duração aprox.: 6 meses
- 4,50€

📩 envia mensagem para encomendar!"
20231009_CyL9A9Kt26J_02.jpg,Batons,https://www.instagram.com/p/CyL9A9Kt26J/,2023-10-09,1440,1440,"🌱 bálsamo labial hidratante e nutritivo 🌱
- com manteiga de cacau, óleo vegetal de amêndoas doces, e cera de abelha/cera de soja natural
- com ou sem óleo essencial (consoante a preferência)
- para uso diário 
- duração aprox.: 6 meses
- 4,50€

📩 envia mensagem para encomendar!"
20231009_CyL9A9Kt26J_03.jpg,Batons,https://www.instagram.com/p/CyL9A9Kt26J/,2023-10-09,1440,1440,"🌱 bálsamo labial hidratante e nutritivo 🌱
- com manteiga de cacau, óleo vegetal de amêndoas doces, e cera de abelha/cera de soja natural
- com ou sem óleo essencial (consoante a preferência)
- para uso diário 
- duração aprox.: 6 meses
- 4,50€

📩 envia mensagem para encomendar!"
20240110_C175_VIt8Xh_01.jpg,Sabonetes | Velas | Batons | Outros,https://www.instagram.com/p/C175_VIt8Xh/,2024-01-10,1440,1800,"🎄 primeira encomenda de natal internacional 🎄

5 conjuntos compostos por:
- 1 vela de cera vegetal de soja, em casca de côco natural, com os óleos essenciais de laranja e de canela, e decoração natalícia 
- 1 sabonete de rosto de aloe vera, sementes de papoila e óleo essencial de lavanda 
- 1 bálsamo labial com óleo essencial de laranja
- 1 caixa de madeira personalizada com 15 ambientadores (3 de lavanda e palmarosa, 3 de ylang-ylang, 3 de hortelã-pimenta e alecrim, 3 de laranja e canela e 3 de niaouli)

num conjunto foi adicionado um sabonete de corpo de aloe vera, sementes de papoila e óleo essencial de lavanda. cada ambientador e todos os outros produtos foram identificados com uma pequena etiqueta (escrita em francês) e na decoração das velas usámos os mesmos elementos vegetais mas fizemo-las todas diferentes para que fossem ainda mais únicas e especiais. cada conjunto foi preparado com o máximo cuidado para que tudo chegasse em boas condições ao Luxemburgo! 

📩 envia mensagem para encomendar!"
20240110_C175_VIt8Xh_02.jpg,Sabonetes | Velas | Batons | Outros,https://www.instagram.com/p/C175_VIt8Xh/,2024-01-10,1440,1800,"🎄 primeira encomenda de natal internacional 🎄

5 conjuntos compostos por:
- 1 vela de cera vegetal de soja, em casca de côco natural, com os óleos essenciais de laranja e de canela, e decoração natalícia 
- 1 sabonete de rosto de aloe vera, sementes de papoila e óleo essencial de lavanda 
- 1 bálsamo labial com óleo essencial de laranja
- 1 caixa de madeira personalizada com 15 ambientadores (3 de lavanda e palmarosa, 3 de ylang-ylang, 3 de hortelã-pimenta e alecrim, 3 de laranja e canela e 3 de niaouli)

num conjunto foi adicionado um sabonete de corpo de aloe vera, sementes de papoila e óleo essencial de lavanda. cada ambientador e todos os outros produtos foram identificados com uma pequena etiqueta (escrita em francês) e na decoração das velas usámos os mesmos elementos vegetais mas fizemo-las todas diferentes para que fossem ainda mais únicas e especiais. cada conjunto foi preparado com o máximo cuidado para que tudo chegasse em boas condições ao Luxemburgo! 

📩 envia mensagem para encomendar!"
20240110_C175_VIt8Xh_03.jpg,Sabonetes | Velas | Batons | Outros,https://www.instagram.com/p/C175_VIt8Xh/,2024-01-10,1440,1800,"🎄 primeira encomenda de natal internacional 🎄

5 conjuntos compostos por:
- 1 vela de cera vegetal de soja, em casca de côco natural, com os óleos essenciais de laranja e de canela, e decoração natalícia 
- 1 sabonete de rosto de aloe vera, sementes de papoila e óleo essencial de lavanda 
- 1 bálsamo labial com óleo essencial de laranja
- 1 caixa de madeira personalizada com 15 ambientadores (3 de lavanda e palmarosa, 3 de ylang-ylang, 3 de hortelã-pimenta e alecrim, 3 de laranja e canela e 3 de niaouli)

num conjunto foi adicionado um sabonete de corpo de aloe vera, sementes de papoila e óleo essencial de lavanda. cada ambientador e todos os outros produtos foram identificados com uma pequena etiqueta (escrita em francês) e na decoração das velas usámos os mesmos elementos vegetais mas fizemo-las todas diferentes para que fossem ainda mais únicas e especiais. cada conjunto foi preparado com o máximo cuidado para que tudo chegasse em boas condições ao Luxemburgo! 

📩 envia mensagem para encomendar!"
20240110_C175_VIt8Xh_04.jpg,Sabonetes | Velas | Batons | Outros,https://www.instagram.com/p/C175_VIt8Xh/,2024-01-10,1440,1800,"🎄 primeira encomenda de natal internacional 🎄

5 conjuntos compostos por:
- 1 vela de cera vegetal de soja, em casca de côco natural, com os óleos essenciais de laranja e de canela, e decoração natalícia 
- 1 sabonete de rosto de aloe vera, sementes de papoila e óleo essencial de lavanda 
- 1 bálsamo labial com óleo essencial de laranja
- 1 caixa de madeira personalizada com 15 ambientadores (3 de lavanda e palmarosa, 3 de ylang-ylang, 3 de hortelã-pimenta e alecrim, 3 de laranja e canela e 3 de niaouli)

num conjunto foi adicionado um sabonete de corpo de aloe vera, sementes de papoila e óleo essencial de lavanda. cada ambientador e todos os outros produtos foram identificados com uma pequena etiqueta (escrita em francês) e na decoração das velas usámos os mesmos elementos vegetais mas fizemo-las todas diferentes para que fossem ainda mais únicas e especiais. cada conjunto foi preparado com o máximo cuidado para que tudo chegasse em boas condições ao Luxemburgo! 

📩 envia mensagem para encomendar!"
20240110_C175_VIt8Xh_05.jpg,Sabonetes | Velas | Batons | Outros,https://www.instagram.com/p/C175_VIt8Xh/,2024-01-10,1440,1801,"🎄 primeira encomenda de natal internacional 🎄

5 conjuntos compostos por:
- 1 vela de cera vegetal de soja, em casca de côco natural, com os óleos essenciais de laranja e de canela, e decoração natalícia 
- 1 sabonete de rosto de aloe vera, sementes de papoila e óleo essencial de lavanda 
- 1 bálsamo labial com óleo essencial de laranja
- 1 caixa de madeira personalizada com 15 ambientadores (3 de lavanda e palmarosa, 3 de ylang-ylang, 3 de hortelã-pimenta e alecrim, 3 de laranja e canela e 3 de niaouli)

num conjunto foi adicionado um sabonete de corpo de aloe vera, sementes de papoila e óleo essencial de lavanda. cada ambientador e todos os outros produtos foram identificados com uma pequena etiqueta (escrita em francês) e na decoração das velas usámos os mesmos elementos vegetais mas fizemo-las todas diferentes para que fossem ainda mais únicas e especiais. cada conjunto foi preparado com o máximo cuidado para que tudo chegasse em boas condições ao Luxemburgo! 

📩 envia mensagem para encomendar!"
20240110_C175_VIt8Xh_06.jpg,Sabonetes | Velas | Batons | Outros,https://www.instagram.com/p/C175_VIt8Xh/,2024-01-10,1440,1800,"🎄 primeira encomenda de natal internacional 🎄

5 conjuntos compostos por:
- 1 vela de cera vegetal de soja, em casca de côco natural, com os óleos essenciais de laranja e de canela, e decoração natalícia 
- 1 sabonete de rosto de aloe vera, sementes de papoila e óleo essencial de lavanda 
- 1 bálsamo labial com óleo essencial de laranja
- 1 caixa de madeira personalizada com 15 ambientadores (3 de lavanda e palmarosa, 3 de ylang-ylang, 3 de hortelã-pimenta e alecrim, 3 de laranja e canela e 3 de niaouli)

num conjunto foi adicionado um sabonete de corpo de aloe vera, sementes de papoila e óleo essencial de lavanda. cada ambientador e todos os outros produtos foram identificados com uma pequena etiqueta (escrita em francês) e na decoração das velas usámos os mesmos elementos vegetais mas fizemo-las todas diferentes para que fossem ainda mais únicas e especiais. cada conjunto foi preparado com o máximo cuidado para que tudo chegasse em boas condições ao Luxemburgo! 

📩 envia mensagem para encomendar!"
20240110_C175_VIt8Xh_07.jpg,Sabonetes | Velas | Batons | Outros,https://www.instagram.com/p/C175_VIt8Xh/,2024-01-10,480,600,"🎄 primeira encomenda de natal internacional 🎄

5 conjuntos compostos por:
- 1 vela de cera vegetal de soja, em casca de côco natural, com os óleos essenciais de laranja e de canela, e decoração natalícia 
- 1 sabonete de rosto de aloe vera, sementes de papoila e óleo essencial de lavanda 
- 1 bálsamo labial com óleo essencial de laranja
- 1 caixa de madeira personalizada com 15 ambientadores (3 de lavanda e palmarosa, 3 de ylang-ylang, 3 de hortelã-pimenta e alecrim, 3 de laranja e canela e 3 de niaouli)

num conjunto foi adicionado um sabonete de corpo de aloe vera, sementes de papoila e óleo essencial de lavanda. cada ambientador e todos os outros produtos foram identificados com uma pequena etiqueta (escrita em francês) e na decoração das velas usámos os mesmos elementos vegetais mas fizemo-las todas diferentes para que fossem ainda mais únicas e especiais. cada conjunto foi preparado com o máximo cuidado para que tudo chegasse em boas condições ao Luxemburgo! 

📩 envia mensagem para encomendar!"
20240110_C175_VIt8Xh_08.jpg,Sabonetes | Velas | Batons | Outros,https://www.instagram.com/p/C175_VIt8Xh/,2024-01-10,1440,1800,"🎄 primeira encomenda de natal internacional 🎄

5 conjuntos compostos por:
- 1 vela de cera vegetal de soja, em casca de côco natural, com os óleos essenciais de laranja e de canela, e decoração natalícia 
- 1 sabonete de rosto de aloe vera, sementes de papoila e óleo essencial de lavanda 
- 1 bálsamo labial com óleo essencial de laranja
- 1 caixa de madeira personalizada com 15 ambientadores (3 de lavanda e palmarosa, 3 de ylang-ylang, 3 de hortelã-pimenta e alecrim, 3 de laranja e canela e 3 de niaouli)

num conjunto foi adicionado um sabonete de corpo de aloe vera, sementes de papoila e óleo essencial de lavanda. cada ambientador e todos os outros produtos foram identificados com uma pequena etiqueta (escrita em francês) e na decoração das velas usámos os mesmos elementos vegetais mas fizemo-las todas diferentes para que fossem ainda mais únicas e especiais. cada conjunto foi preparado com o máximo cuidado para que tudo chegasse em boas condições ao Luxemburgo! 

📩 envia mensagem para encomendar!"
20240110_C175_VIt8Xh_09.jpg,Sabonetes | Velas | Batons | Outros,https://www.instagram.com/p/C175_VIt8Xh/,2024-01-10,1440,1800,"🎄 primeira encomenda de natal internacional 🎄

5 conjuntos compostos por:
- 1 vela de cera vegetal de soja, em casca de côco natural, com os óleos essenciais de laranja e de canela, e decoração natalícia 
- 1 sabonete de rosto de aloe vera, sementes de papoila e óleo essencial de lavanda 
- 1 bálsamo labial com óleo essencial de laranja
- 1 caixa de madeira personalizada com 15 ambientadores (3 de lavanda e palmarosa, 3 de ylang-ylang, 3 de hortelã-pimenta e alecrim, 3 de laranja e canela e 3 de niaouli)

num conjunto foi adicionado um sabonete de corpo de aloe vera, sementes de papoila e óleo essencial de lavanda. cada ambientador e todos os outros produtos foram identificados com uma pequena etiqueta (escrita em francês) e na decoração das velas usámos os mesmos elementos vegetais mas fizemo-las todas diferentes para que fossem ainda mais únicas e especiais. cada conjunto foi preparado com o máximo cuidado para que tudo chegasse em boas condições ao Luxemburgo! 

📩 envia mensagem para encomendar!"
20231227_C1XklPwtqRU_01.jpg,Velas,https://www.instagram.com/p/C1XklPwtqRU/,2023-12-27,1440,1440,"🎄 uma encomenda de natal muito especial (com uma surpresa no fim) 🎄
4 velas em concha natural:
- fragrância ""biscoito de natal""
- fragrância ""especiarias de natal""
- fragrância ""orquídea negra e especiarias""
- óleo essencial de alecrim

4 velas em casca de côco natural:
- óleo essencial de bergamota
- óleo essencial de lavanda e palmarosa
- óleo essencial de laranja e canela
- óleo essencial de limão e gengibre

📩 envia mensagem para encomendar!"
20231227_C1XklPwtqRU_02.jpg,Velas,https://www.instagram.com/p/C1XklPwtqRU/,2023-12-27,1414,1414,"🎄 uma encomenda de natal muito especial (com uma surpresa no fim) 🎄
4 velas em concha natural:
- fragrância ""biscoito de natal""
- fragrância ""especiarias de natal""
- fragrância ""orquídea negra e especiarias""
- óleo essencial de alecrim

4 velas em casca de côco natural:
- óleo essencial de bergamota
- óleo essencial de lavanda e palmarosa
- óleo essencial de laranja e canela
- óleo essencial de limão e gengibre

📩 envia mensagem para encomendar!"
20231227_C1XklPwtqRU_03.jpg,Velas,https://www.instagram.com/p/C1XklPwtqRU/,2023-12-27,1440,1440,"🎄 uma encomenda de natal muito especial (com uma surpresa no fim) 🎄
4 velas em concha natural:
- fragrância ""biscoito de natal""
- fragrância ""especiarias de natal""
- fragrância ""orquídea negra e especiarias""
- óleo essencial de alecrim

4 velas em casca de côco natural:
- óleo essencial de bergamota
- óleo essencial de lavanda e palmarosa
- óleo essencial de laranja e canela
- óleo essencial de limão e gengibre

📩 envia mensagem para encomendar!"
20231227_C1XklPwtqRU_04.jpg,Velas,https://www.instagram.com/p/C1XklPwtqRU/,2023-12-27,1414,1414,"🎄 uma encomenda de natal muito especial (com uma surpresa no fim) 🎄
4 velas em concha natural:
- fragrância ""biscoito de natal""
- fragrância ""especiarias de natal""
- fragrância ""orquídea negra e especiarias""
- óleo essencial de alecrim

4 velas em casca de côco natural:
- óleo essencial de bergamota
- óleo essencial de lavanda e palmarosa
- óleo essencial de laranja e canela
- óleo essencial de limão e gengibre

📩 envia mensagem para encomendar!"
20231227_C1XklPwtqRU_05.jpg,Velas,https://www.instagram.com/p/C1XklPwtqRU/,2023-12-27,1440,1440,"🎄 uma encomenda de natal muito especial (com uma surpresa no fim) 🎄
4 velas em concha natural:
- fragrância ""biscoito de natal""
- fragrância ""especiarias de natal""
- fragrância ""orquídea negra e especiarias""
- óleo essencial de alecrim

4 velas em casca de côco natural:
- óleo essencial de bergamota
- óleo essencial de lavanda e palmarosa
- óleo essencial de laranja e canela
- óleo essencial de limão e gengibre

📩 envia mensagem para encomendar!"
20231227_C1XklPwtqRU_06.jpg,Velas,https://www.instagram.com/p/C1XklPwtqRU/,2023-12-27,720,720,"🎄 uma encomenda de natal muito especial (com uma surpresa no fim) 🎄
4 velas em concha natural:
- fragrância ""biscoito de natal""
- fragrância ""especiarias de natal""
- fragrância ""orquídea negra e especiarias""
- óleo essencial de alecrim

4 velas em casca de côco natural:
- óleo essencial de bergamota
- óleo essencial de lavanda e palmarosa
- óleo essencial de laranja e canela
- óleo essencial de limão e gengibre

📩 envia mensagem para encomendar!"
20231227_C1XklPwtqRU_07.jpg,Velas,https://www.instagram.com/p/C1XklPwtqRU/,2023-12-27,1416,1416,"🎄 uma encomenda de natal muito especial (com uma surpresa no fim) 🎄
4 velas em concha natural:
- fragrância ""biscoito de natal""
- fragrância ""especiarias de natal""
- fragrância ""orquídea negra e especiarias""
- óleo essencial de alecrim

4 velas em casca de côco natural:
- óleo essencial de bergamota
- óleo essencial de lavanda e palmarosa
- óleo essencial de laranja e canela
- óleo essencial de limão e gengibre

📩 envia mensagem para encomendar!"
20230923_CxiXXoQtO-8_01.jpg,_por_rever,https://www.instagram.com/p/CxiXXoQtO-8/,2023-09-23,1440,1440,📩 fazemos envios por correio!
20230923_CxiXXoQtO-8_02.jpg,_por_rever,https://www.instagram.com/p/CxiXXoQtO-8/,2023-09-23,1440,1440,📩 fazemos envios por correio!
20230923_CxiXXoQtO-8_03.jpg,_por_rever,https://www.instagram.com/p/CxiXXoQtO-8/,2023-09-23,1440,1440,📩 fazemos envios por correio!
20230923_CxiXXoQtO-8_04.jpg,_por_rever,https://www.instagram.com/p/CxiXXoQtO-8/,2023-09-23,1440,1440,📩 fazemos envios por correio!
20230923_CxiXXoQtO-8_05.jpg,_por_rever,https://www.instagram.com/p/CxiXXoQtO-8/,2023-09-23,1440,1440,📩 fazemos envios por correio!
20240104_C1sLU6tt7Gx_01.jpg,Velas,https://www.instagram.com/p/C1sLU6tt7Gx/,2024-01-04,1440,1800,"🎄a nossa primeira encomenda de natal 🎄

7 velas em taças de barro, óleos essenciais de limão e de gengibre e decoração natalícia natural

esta encomenda começou com 3 velas, passou para 5 e acabou num total de 7. a cliente foi gostando cada vez mais do resultado e foi escolhendo as nossas velas para presentear os familiares e amigos. cada vela foi cuidadosamente preparada e acondicionada, e em cada uma delas foi colocado um pequeno cartão de boas festas, escrito delicadamente à mão.

📩 envia mensagem para encomendar!"
20240104_C1sLU6tt7Gx_02.jpg,Velas,https://www.instagram.com/p/C1sLU6tt7Gx/,2024-01-04,1324,1655,"🎄a nossa primeira encomenda de natal 🎄

7 velas em taças de barro, óleos essenciais de limão e de gengibre e decoração natalícia natural

esta encomenda começou com 3 velas, passou para 5 e acabou num total de 7. a cliente foi gostando cada vez mais do resultado e foi escolhendo as nossas velas para presentear os familiares e amigos. cada vela foi cuidadosamente preparada e acondicionada, e em cada uma delas foi colocado um pequeno cartão de boas festas, escrito delicadamente à mão.

📩 envia mensagem para encomendar!"
20240104_C1sLU6tt7Gx_03.jpg,Velas,https://www.instagram.com/p/C1sLU6tt7Gx/,2024-01-04,1102,1378,"🎄a nossa primeira encomenda de natal 🎄

7 velas em taças de barro, óleos essenciais de limão e de gengibre e decoração natalícia natural

esta encomenda começou com 3 velas, passou para 5 e acabou num total de 7. a cliente foi gostando cada vez mais do resultado e foi escolhendo as nossas velas para presentear os familiares e amigos. cada vela foi cuidadosamente preparada e acondicionada, e em cada uma delas foi colocado um pequeno cartão de boas festas, escrito delicadamente à mão.

📩 envia mensagem para encomendar!"
20240104_C1sLU6tt7Gx_04.jpg,Velas,https://www.instagram.com/p/C1sLU6tt7Gx/,2024-01-04,1193,1491,"🎄a nossa primeira encomenda de natal 🎄

7 velas em taças de barro, óleos essenciais de limão e de gengibre e decoração natalícia natural

esta encomenda começou com 3 velas, passou para 5 e acabou num total de 7. a cliente foi gostando cada vez mais do resultado e foi escolhendo as nossas velas para presentear os familiares e amigos. cada vela foi cuidadosamente preparada e acondicionada, e em cada uma delas foi colocado um pequeno cartão de boas festas, escrito delicadamente à mão.

📩 envia mensagem para encomendar!"
20240104_C1sLU6tt7Gx_05.jpg,Velas,https://www.instagram.com/p/C1sLU6tt7Gx/,2024-01-04,480,600,"🎄a nossa primeira encomenda de natal 🎄

7 velas em taças de barro, óleos essenciais de limão e de gengibre e decoração natalícia natural

esta encomenda começou com 3 velas, passou para 5 e acabou num total de 7. a cliente foi gostando cada vez mais do resultado e foi escolhendo as nossas velas para presentear os familiares e amigos. cada vela foi cuidadosamente preparada e acondicionada, e em cada uma delas foi colocado um pequeno cartão de boas festas, escrito delicadamente à mão.

📩 envia mensagem para encomendar!"
20240104_C1sLU6tt7Gx_06.jpg,Velas,https://www.instagram.com/p/C1sLU6tt7Gx/,2024-01-04,1440,1800,"🎄a nossa primeira encomenda de natal 🎄

7 velas em taças de barro, óleos essenciais de limão e de gengibre e decoração natalícia natural

esta encomenda começou com 3 velas, passou para 5 e acabou num total de 7. a cliente foi gostando cada vez mais do resultado e foi escolhendo as nossas velas para presentear os familiares e amigos. cada vela foi cuidadosamente preparada e acondicionada, e em cada uma delas foi colocado um pequeno cartão de boas festas, escrito delicadamente à mão.

📩 envia mensagem para encomendar!"
20240104_C1sLU6tt7Gx_07.jpg,Velas,https://www.instagram.com/p/C1sLU6tt7Gx/,2024-01-04,1440,1800,"🎄a nossa primeira encomenda de natal 🎄

7 velas em taças de barro, óleos essenciais de limão e de gengibre e decoração natalícia natural

esta encomenda começou com 3 velas, passou para 5 e acabou num total de 7. a cliente foi gostando cada vez mais do resultado e foi escolhendo as nossas velas para presentear os familiares e amigos. cada vela foi cuidadosamente preparada e acondicionada, e em cada uma delas foi colocado um pequeno cartão de boas festas, escrito delicadamente à mão.

📩 envia mensagem para encomendar!"
20240104_C1sLU6tt7Gx_08.jpg,Velas,https://www.instagram.com/p/C1sLU6tt7Gx/,2024-01-04,1440,1800,"🎄a nossa primeira encomenda de natal 🎄

7 velas em taças de barro, óleos essenciais de limão e de gengibre e decoração natalícia natural

esta encomenda começou com 3 velas, passou para 5 e acabou num total de 7. a cliente foi gostando cada vez mais do resultado e foi escolhendo as nossas velas para presentear os familiares e amigos. cada vela foi cuidadosamente preparada e acondicionada, e em cada uma delas foi colocado um pequeno cartão de boas festas, escrito delicadamente à mão.

📩 envia mensagem para encomendar!"
20230928_CxvNWPmtztV_01.jpg,Champôs,https://www.instagram.com/p/CxvNWPmtztV/,2023-09-28,1440,1440,"🌱 champô sólido para cabelo oleoso 🌱
- com argila verde, urtiga*, cavalinha* e óleo essencial de hortelã-pimenta
- enriquecido com provitamina B5*
- indicado para cabelos oleosos ou com tendência a oleoso
- indicado para todo o tipo de cabelos (liso, encaracolado, pintado, alisado, etc.)
- duração aprox.: 3 meses
- 12€

📩 envia mensagem para encomendar!

*biológico/orgânico"
20230928_CxvNWPmtztV_02.jpg,Champôs,https://www.instagram.com/p/CxvNWPmtztV/,2023-09-28,1440,1440,"🌱 champô sólido para cabelo oleoso 🌱
- com argila verde, urtiga*, cavalinha* e óleo essencial de hortelã-pimenta
- enriquecido com provitamina B5*
- indicado para cabelos oleosos ou com tendência a oleoso
- indicado para todo o tipo de cabelos (liso, encaracolado, pintado, alisado, etc.)
- duração aprox.: 3 meses
- 12€

📩 envia mensagem para encomendar!

*biológico/orgânico"
20230928_CxvNWPmtztV_03.jpg,Champôs,https://www.instagram.com/p/CxvNWPmtztV/,2023-09-28,1440,1440,"🌱 champô sólido para cabelo oleoso 🌱
- com argila verde, urtiga*, cavalinha* e óleo essencial de hortelã-pimenta
- enriquecido com provitamina B5*
- indicado para cabelos oleosos ou com tendência a oleoso
- indicado para todo o tipo de cabelos (liso, encaracolado, pintado, alisado, etc.)
- duração aprox.: 3 meses
- 12€

📩 envia mensagem para encomendar!

*biológico/orgânico"
20231101_CzHK9lNNJmQ_05.jpg,_por_rever,https://www.instagram.com/p/CzHK9lNNJmQ/,2023-11-01,1440,1440,"🌱 informações adicionais 🌱

- parabenos: podem desencadear reações alérgicas, irritações e sensibilização cutânea

- sais: contribuem para a perda da camada protetora e para o levantamento das cutículas do cabelo (o cabelo fica áspero, seco e difícil de pentear)

- sulfatos: podem causar irritações, vermelhidão e ressecamento (o cabelo fica seco e quebradiço), assim como alterar o pH do couro cabeludo

📩 fazemos envios por correio!"
20230923_CxiXXoQtO-8_06.jpg,_por_rever,https://www.instagram.com/p/CxiXXoQtO-8/,2023-09-23,1440,1440,📩 fazemos envios por correio!
